country,alpha_2_code,alpha_3_code,numeric_code,indicator,time_period,obs_value,sex,unit_multiplier,unit_of_measure,observation_status,observation_confidentaility,time_period_activity_related_to_when_the_data_are_collected,current_age
Afghanistan,AF,AFG,4,"Wasted, Overweight or Stunted",2013,48.7,Total,Units,%,Reanalysed,Free,Middle of fieldwork,Under 5 years old
Afghanistan,AF,AFG,4,"Wasted, Overweight or Stunted",2018,43.5,Total,Units,%,Reanalysed,Free,Middle of fieldwork,Under 5 years old
Albania,AL,ALB,8,"Wasted, Overweight or Stunted",2005,45.9,Total,Units,%,Reanalysed,Free,Middle of fieldwork,Under 5 years old
Albania,AL,ALB,8,"Wasted, Overweight or Stunted",2009,45.4,Total,Units,%,Reanalysed,Free,Middle of fieldwork,Under 5 years old
Albania,AL,ALB,8,"Wasted, Overweight or Stunted",2017,25.2,Total,Units,%,Reanalysed,Free,Middle of fieldwork,Under 5 years old
Algeria,DZ,DZA,12,"Wasted, Overweight or Stunted",1992,33.9,Total,Units,%,Reanalysed,Free,Middle of fieldwork,Under 5 years old
Algeria,DZ,DZA,12,"Wasted, Overweight or Stunted",2000,34.4,Total,Units,%,Reanalysed,Free,Middle of fieldwork,Under 5 years old
Algeria,DZ,DZA,12,"Wasted, Overweight or Stunted",2002,40.6,Total,Units,%,Reanalysed,Free,Middle of fieldwork,Under 5 years old
Algeria,DZ,DZA,12,"Wasted, Overweight or Stunted",2006,28.1,Total,Units,%,Reanalysed,Free,Middle of fieldwork,Under 5 years old
Algeria,DZ,DZA,12,"Wasted, Overweight or Stunted",2012,24.4,Total,Units,%,Reanalysed,Free,Middle of fieldwork,Under 5 years old
Algeria,DZ,DZA,12,"Wasted, Overweight or Stunted",2019,22.3,Total,Units,%,Reanalysed,Free,Middle of fieldwork,Under 5 years old
Angola,AO,AGO,24,"Wasted, Overweight or Stunted",1996,64.7,Total,Units,%,Reanalysed,Free,Middle of fieldwork,Under 5 years old
Angola,AO,AGO,24,"Wasted, Overweight or Stunted",2015,42.4,Total,Units,%,Reanalysed,Free,Middle of fieldwork,Under 5 years old
Argentina,AR,ARG,32,"Wasted, Overweight or Stunted",2005,16.8,Total,Units,%,Reanalysed,Free,Middle of fieldwork,Under 5 years old
Argentina,AR,ARG,32,"Wasted, Overweight or Stunted",2018,21.1,Total,Units,%,Reanalysed,Free,Middle of fieldwork,Under 5 years old
Armenia,AM,ARM,51,"Wasted, Overweight or Stunted",2000,30.9,Total,Units,%,Reanalysed,Free,Middle of fieldwork,Under 5 years old
Armenia,AM,ARM,51,"Wasted, Overweight or Stunted",2005,29.8,Total,Units,%,Reanalysed,Free,Middle of fieldwork,Under 5 years old
Armenia,AM,ARM,51,"Wasted, Overweight or Stunted",2010,33.7,Total,Units,%,Reanalysed,Free,Middle of fieldwork,Under 5 years old
Armenia,AM,ARM,51,"Wasted, Overweight or Stunted",2016,24,Total,Units,%,Reanalysed,Free,Middle of fieldwork,Under 5 years old
Azerbaijan,AZ,AZE,31,"Wasted, Overweight or Stunted",2000,34.1,Total,Units,%,Reanalysed,Free,Middle of fieldwork,Under 5 years old
Azerbaijan,AZ,AZE,31,"Wasted, Overweight or Stunted",2006,37.1,Total,Units,%,Reanalysed,Free,Middle of fieldwork,Under 5 years old
Azerbaijan,AZ,AZE,31,"Wasted, Overweight or Stunted",2013,28.8,Total,Units,%,Reanalysed,Free,Middle of fieldwork,Under 5 years old
Bangladesh,BD,BGD,50,"Wasted, Overweight or Stunted",1997,69.9,Total,Units,%,Reanalysed,Free,Middle of fieldwork,Under 5 years old
Bangladesh,BD,BGD,50,"Wasted, Overweight or Stunted",2000,57.5,Total,Units,%,Reanalysed,Free,Middle of fieldwork,Under 5 years old
Bangladesh,BD,BGD,50,"Wasted, Overweight or Stunted",2004,57.7,Total,Units,%,Reanalysed,Free,Middle of fieldwork,Under 5 years old
Bangladesh,BD,BGD,50,"Wasted, Overweight or Stunted",2007,53.2,Total,Units,%,Reanalysed,Free,Middle of fieldwork,Under 5 years old
Bangladesh,BD,BGD,50,"Wasted, Overweight or Stunted",2011,51,Total,Units,%,Reanalysed,Free,Middle of fieldwork,Under 5 years old
Bangladesh,BD,BGD,50,"Wasted, Overweight or Stunted",2013,47.9,Total,Units,%,Reanalysed,Free,Middle of fieldwork,Under 5 years old
Bangladesh,BD,BGD,50,"Wasted, Overweight or Stunted",2014,46.1,Total,Units,%,Reanalysed,Free,Middle of fieldwork,Under 5 years old
Bangladesh,BD,BGD,50,"Wasted, Overweight or Stunted",2018,38.2,Total,Units,%,Reanalysed,Free,Middle of fieldwork,Under 5 years old
Bangladesh,BD,BGD,50,"Wasted, Overweight or Stunted",2019,35.9,Total,Units,%,Reanalysed,Free,Middle of fieldwork,Under 5 years old
Barbados,BB,BRB,52,"Wasted, Overweight or Stunted",2012,23.9,Total,Units,%,Reanalysed,Free,Middle of fieldwork,Under 5 years old
Belarus,BY,BLR,112,"Wasted, Overweight or Stunted",2005,15.1,Total,Units,%,Reanalysed,Free,Middle of fieldwork,Under 5 years old
Belize,BZ,BLZ,84,"Wasted, Overweight or Stunted",2006,34.1,Total,Units,%,Reanalysed,Free,Middle of fieldwork,Under 5 years old
Belize,BZ,BLZ,84,"Wasted, Overweight or Stunted",2011,27.8,Total,Units,%,Reanalysed,Free,Middle of fieldwork,Under 5 years old
Belize,BZ,BLZ,84,"Wasted, Overweight or Stunted",2015,23.3,Total,Units,%,Reanalysed,Free,Middle of fieldwork,Under 5 years old
Benin,BJ,BEN,204,"Wasted, Overweight or Stunted",1996,46.2,Total,Units,%,Reanalysed,Free,Middle of fieldwork,Under 5 years old
Benin,BJ,BEN,204,"Wasted, Overweight or Stunted",2001,44.6,Total,Units,%,Reanalysed,Free,Middle of fieldwork,Under 5 years old
Benin,BJ,BEN,204,"Wasted, Overweight or Stunted",2008,41.1,Total,Units,%,Reanalysed,Free,Middle of fieldwork,Under 5 years old
Benin,BJ,BEN,204,"Wasted, Overweight or Stunted",2014,37.6,Total,Units,%,Reanalysed,Free,Middle of fieldwork,Under 5 years old
Benin,BJ,BEN,204,"Wasted, Overweight or Stunted",2018,36.4,Total,Units,%,Reanalysed,Free,Middle of fieldwork,Under 5 years old
Bhutan,BT,BTN,64,"Wasted, Overweight or Stunted",1999,51.2,Total,Units,%,Reanalysed,Free,Middle of fieldwork,Under 5 years old
Bhutan,BT,BTN,64,"Wasted, Overweight or Stunted",2008,41.8,Total,Units,%,Reanalysed,Free,Middle of fieldwork,Under 5 years old
Bhutan,BT,BTN,64,"Wasted, Overweight or Stunted",2010,41.1,Total,Units,%,Reanalysed,Free,Middle of fieldwork,Under 5 years old
Bolivia,BO,BOL,68,"Wasted, Overweight or Stunted",1989,46.8,Total,Units,%,Reanalysed,Free,Middle of fieldwork,Under 5 years old
Bolivia,BO,BOL,68,"Wasted, Overweight or Stunted",1994,42.5,Total,Units,%,Reanalysed,Free,Middle of fieldwork,Under 5 years old
Bolivia,BO,BOL,68,"Wasted, Overweight or Stunted",1998,40.5,Total,Units,%,Reanalysed,Free,Middle of fieldwork,Under 5 years old
Bolivia,BO,BOL,68,"Wasted, Overweight or Stunted",2003,39.3,Total,Units,%,Reanalysed,Free,Middle of fieldwork,Under 5 years old
Bolivia,BO,BOL,68,"Wasted, Overweight or Stunted",2008,34.3,Total,Units,%,Reanalysed,Free,Middle of fieldwork,Under 5 years old
Bolivia,BO,BOL,68,"Wasted, Overweight or Stunted",2012,25.3,Total,Units,%,Reanalysed,Free,Middle of fieldwork,Under 5 years old
Bolivia,BO,BOL,68,"Wasted, Overweight or Stunted",2016,25.8,Total,Units,%,Reanalysed,Free,Middle of fieldwork,Under 5 years old
Bosnia and Herzegovina,BA,BIH,70,"Wasted, Overweight or Stunted",2000,30.6,Total,Units,%,Reanalysed,Free,Middle of fieldwork,Under 5 years old
Bosnia and Herzegovina,BA,BIH,70,"Wasted, Overweight or Stunted",2006,34.3,Total,Units,%,Reanalysed,Free,Middle of fieldwork,Under 5 years old
Bosnia and Herzegovina,BA,BIH,70,"Wasted, Overweight or Stunted",2012,24.6,Total,Units,%,Reanalysed,Free,Middle of fieldwork,Under 5 years old
Botswana,BW,BWA,72,"Wasted, Overweight or Stunted",2000,39.3,Total,Units,%,Reanalysed,Free,Middle of fieldwork,Under 5 years old
Botswana,BW,BWA,72,"Wasted, Overweight or Stunted",2007,40,Total,Units,%,Reanalysed,Free,Middle of fieldwork,Under 5 years old
Brazil,BR,BRA,76,"Wasted, Overweight or Stunted",1989,27.8,Total,Units,%,Reanalysed,Free,Middle of fieldwork,Under 5 years old
Brazil,BR,BRA,76,"Wasted, Overweight or Stunted",1996,20.7,Total,Units,%,Reanalysed,Free,Middle of fieldwork,Under 5 years old
Brazil,BR,BRA,76,"Wasted, Overweight or Stunted",2007,14.7,Total,Units,%,Reanalysed,Free,Middle of fieldwork,Under 5 years old
Bulgaria,BG,BGR,100,"Wasted, Overweight or Stunted",2007,18.7,Total,Units,%,Reanalysed,Free,Middle of fieldwork,Under 5 years old
Burkina Faso,BF,BFA,854,"Wasted, Overweight or Stunted",1993,49.8,Total,Units,%,Reanalysed,Free,Middle of fieldwork,Under 5 years old
Burkina Faso,BF,BFA,854,"Wasted, Overweight or Stunted",1999,51.6,Total,Units,%,Reanalysed,Free,Middle of fieldwork,Under 5 years old
Burkina Faso,BF,BFA,854,"Wasted, Overweight or Stunted",2010,47.1,Total,Units,%,Reanalysed,Free,Middle of fieldwork,Under 5 years old
Burkina Faso,BF,BFA,854,"Wasted, Overweight or Stunted",2011,40.7,Total,Units,%,Reanalysed,Free,Middle of fieldwork,Under 5 years old
Burkina Faso,BF,BFA,854,"Wasted, Overweight or Stunted",2012,39,Total,Units,%,Reanalysed,Free,Middle of fieldwork,Under 5 years old
Burkina Faso,BF,BFA,854,"Wasted, Overweight or Stunted",2013,36.9,Total,Units,%,Reanalysed,Free,Middle of fieldwork,Under 5 years old
Burkina Faso,BF,BFA,854,"Wasted, Overweight or Stunted",2014,34.9,Total,Units,%,Reanalysed,Free,Middle of fieldwork,Under 5 years old
Burkina Faso,BF,BFA,854,"Wasted, Overweight or Stunted",2015,36.7,Total,Units,%,Reanalysed,Free,Middle of fieldwork,Under 5 years old
Burkina Faso,BF,BFA,854,"Wasted, Overweight or Stunted",2016,32.1,Total,Units,%,Reanalysed,Free,Middle of fieldwork,Under 5 years old
Burkina Faso,BF,BFA,854,"Wasted, Overweight or Stunted",2017,28.3,Total,Units,%,Reanalysed,Free,Middle of fieldwork,Under 5 years old
Burkina Faso,BF,BFA,854,"Wasted, Overweight or Stunted",2018,31,Total,Units,%,Reanalysed,Free,Middle of fieldwork,Under 5 years old
Burkina Faso,BF,BFA,854,"Wasted, Overweight or Stunted",2019,30.1,Total,Units,%,Reanalysed,Free,Middle of fieldwork,Under 5 years old
Burkina Faso,BF,BFA,854,"Wasted, Overweight or Stunted",2020,25.4,Total,Units,%,Reanalysed,Free,Middle of fieldwork,Under 5 years old
Burundi,BI,BDI,108,"Wasted, Overweight or Stunted",1987,56.4,Total,Units,%,Reanalysed,Free,Middle of fieldwork,Under 5 years old
Burundi,BI,BDI,108,"Wasted, Overweight or Stunted",2000,67,Total,Units,%,Reanalysed,Free,Middle of fieldwork,Under 5 years old
Burundi,BI,BDI,108,"Wasted, Overweight or Stunted",2010,61,Total,Units,%,Reanalysed,Free,Middle of fieldwork,Under 5 years old
Burundi,BI,BDI,108,"Wasted, Overweight or Stunted",2016,58.2,Total,Units,%,Reanalysed,Free,Middle of fieldwork,Under 5 years old
Burundi,BI,BDI,108,"Wasted, Overweight or Stunted",2018,59.2,Total,Units,%,Reanalysed,Free,Middle of fieldwork,Under 5 years old
Burundi,BI,BDI,108,"Wasted, Overweight or Stunted",2019,57.4,Total,Units,%,Reanalysed,Free,Middle of fieldwork,Under 5 years old
Burundi,BI,BDI,108,"Wasted, Overweight or Stunted",2020,53.8,Total,Units,%,Reanalysed,Free,Middle of fieldwork,Under 5 years old
Cambodia,KH,KHM,116,"Wasted, Overweight or Stunted",2000,61,Total,Units,%,Reanalysed,Free,Middle of fieldwork,Under 5 years old
Cambodia,KH,KHM,116,"Wasted, Overweight or Stunted",2005,48.4,Total,Units,%,Reanalysed,Free,Middle of fieldwork,Under 5 years old
Cambodia,KH,KHM,116,"Wasted, Overweight or Stunted",2008,45.7,Total,Units,%,Reanalysed,Free,Middle of fieldwork,Under 5 years old
Cambodia,KH,KHM,116,"Wasted, Overweight or Stunted",2010,47.5,Total,Units,%,Reanalysed,Free,Middle of fieldwork,Under 5 years old
Cambodia,KH,KHM,116,"Wasted, Overweight or Stunted",2014,40,Total,Units,%,Reanalysed,Free,Middle of fieldwork,Under 5 years old
Cameroon,CM,CMR,120,"Wasted, Overweight or Stunted",1991,37.7,Total,Units,%,Reanalysed,Free,Middle of fieldwork,Under 5 years old
Cameroon,CM,CMR,120,"Wasted, Overweight or Stunted",1998,47.2,Total,Units,%,Reanalysed,Free,Middle of fieldwork,Under 5 years old
Cameroon,CM,CMR,120,"Wasted, Overweight or Stunted",2004,44.6,Total,Units,%,Reanalysed,Free,Middle of fieldwork,Under 5 years old
Cameroon,CM,CMR,120,"Wasted, Overweight or Stunted",2006,48.4,Total,Units,%,Reanalysed,Free,Middle of fieldwork,Under 5 years old
Cameroon,CM,CMR,120,"Wasted, Overweight or Stunted",2011,39.9,Total,Units,%,Reanalysed,Free,Middle of fieldwork,Under 5 years old
Cameroon,CM,CMR,120,"Wasted, Overweight or Stunted",2014,39.4,Total,Units,%,Reanalysed,Free,Middle of fieldwork,Under 5 years old
Cameroon,CM,CMR,120,"Wasted, Overweight or Stunted",2018,38.6,Total,Units,%,Reanalysed,Free,Middle of fieldwork,Under 5 years old
Central African Republic,CF,CAF,140,"Wasted, Overweight or Stunted",1994,47.4,Total,Units,%,Reanalysed,Free,Middle of fieldwork,Under 5 years old
Central African Republic,CF,CAF,140,"Wasted, Overweight or Stunted",2000,56.4,Total,Units,%,Reanalysed,Free,Middle of fieldwork,Under 5 years old
Central African Republic,CF,CAF,140,"Wasted, Overweight or Stunted",2006,55.4,Total,Units,%,Reanalysed,Free,Middle of fieldwork,Under 5 years old
Central African Republic,CF,CAF,140,"Wasted, Overweight or Stunted",2010,45.2,Total,Units,%,Reanalysed,Free,Middle of fieldwork,Under 5 years old
Central African Republic,CF,CAF,140,"Wasted, Overweight or Stunted",2012,44.5,Total,Units,%,Reanalysed,Free,Middle of fieldwork,Under 5 years old
Central African Republic,CF,CAF,140,"Wasted, Overweight or Stunted",2014,42.4,Total,Units,%,Reanalysed,Free,Middle of fieldwork,Under 5 years old
Central African Republic,CF,CAF,140,"Wasted, Overweight or Stunted",2018,41.3,Total,Units,%,Reanalysed,Free,Middle of fieldwork,Under 5 years old
Central African Republic,CF,CAF,140,"Wasted, Overweight or Stunted",14/03/2019,44.7,Total,Units,%,Reanalysed,Free,Middle of fieldwork,Under 5 years old
Central African Republic,CF,CAF,140,"Wasted, Overweight or Stunted",07/11/2019,43.3,Total,Units,%,Reanalysed,Free,Middle of fieldwork,Under 5 years old
Chad,TD,TCD,148,"Wasted, Overweight or Stunted",1997,55.1,Total,Units,%,Reanalysed,Free,Middle of fieldwork,Under 5 years old
Chad,TD,TCD,148,"Wasted, Overweight or Stunted",2000,47.8,Total,Units,%,Reanalysed,Free,Middle of fieldwork,Under 5 years old
Chad,TD,TCD,148,"Wasted, Overweight or Stunted",2004,56.1,Total,Units,%,Reanalysed,Free,Middle of fieldwork,Under 5 years old
Chad,TD,TCD,148,"Wasted, Overweight or Stunted",2010,50.2,Total,Units,%,Reanalysed,Free,Middle of fieldwork,Under 5 years old
Chad,TD,TCD,148,"Wasted, Overweight or Stunted",2015,49.4,Total,Units,%,Reanalysed,Free,Middle of fieldwork,Under 5 years old
Chad,TD,TCD,148,"Wasted, Overweight or Stunted",2017,41.3,Total,Units,%,Reanalysed,Free,Middle of fieldwork,Under 5 years old
Chad,TD,TCD,148,"Wasted, Overweight or Stunted",12/08/2019,40.4,Total,Units,%,Reanalysed,Free,Middle of fieldwork,Under 5 years old
Chad,TD,TCD,148,"Wasted, Overweight or Stunted",27/08/2019,47.5,Total,Units,%,Reanalysed,Free,Middle of fieldwork,Under 5 years old
Chad,TD,TCD,148,"Wasted, Overweight or Stunted",2020,37.6,Total,Units,%,Reanalysed,Free,Middle of fieldwork,Under 5 years old
Chad,TD,TCD,148,"Wasted, Overweight or Stunted",2021,38.1,Total,Units,%,Reanalysed,Free,Middle of fieldwork,Under 5 years old
China,CN,CHN,156,"Wasted, Overweight or Stunted",2000,24.5,Total,Units,%,External Reanalysis,Free,Middle of fieldwork,Under 5 years old
China,CN,CHN,156,"Wasted, Overweight or Stunted",2005,20.4,Total,Units,%,External Reanalysis,Free,Middle of fieldwork,Under 5 years old
China,CN,CHN,156,"Wasted, Overweight or Stunted",2010,17.6,Total,Units,%,External Reanalysis,Free,Middle of fieldwork,Under 5 years old
China,CN,CHN,156,"Wasted, Overweight or Stunted",2013,17.7,Total,Units,%,External Reanalysis,Free,Middle of fieldwork,Under 5 years old
Colombia,CO,COL,170,"Wasted, Overweight or Stunted",1986,30.7,Total,Units,%,Reanalysed,Free,Middle of fieldwork,Under 5 years old
Colombia,CO,COL,170,"Wasted, Overweight or Stunted",1995,24.4,Total,Units,%,Reanalysed,Free,Middle of fieldwork,Under 5 years old
Colombia,CO,COL,170,"Wasted, Overweight or Stunted",2000,23.3,Total,Units,%,Reanalysed,Free,Middle of fieldwork,Under 5 years old
Colombia,CO,COL,170,"Wasted, Overweight or Stunted",2005,21,Total,Units,%,Reanalysed,Free,Middle of fieldwork,Under 5 years old
Colombia,CO,COL,170,"Wasted, Overweight or Stunted",2010,17.6,Total,Units,%,Reanalysed,Free,Middle of fieldwork,Under 5 years old
Colombia,CO,COL,170,"Wasted, Overweight or Stunted",2016,19,Total,Units,%,Reanalysed,Free,Middle of fieldwork,Under 5 years old
Comoros,KM,COM,174,"Wasted, Overweight or Stunted",1996,48.7,Total,Units,%,Reanalysed,Free,Middle of fieldwork,Under 5 years old
Comoros,KM,COM,174,"Wasted, Overweight or Stunted",2000,65.8,Total,Units,%,Reanalysed,Free,Middle of fieldwork,Under 5 years old
Comoros,KM,COM,174,"Wasted, Overweight or Stunted",2012,45.3,Total,Units,%,Reanalysed,Free,Middle of fieldwork,Under 5 years old
Congo,CG,COG,178,"Wasted, Overweight or Stunted",2005,41.3,Total,Units,%,Reanalysed,Free,Middle of fieldwork,Under 5 years old
Congo,CG,COG,178,"Wasted, Overweight or Stunted",2011,31.2,Total,Units,%,Reanalysed,Free,Middle of fieldwork,Under 5 years old
Congo,CG,COG,178,"Wasted, Overweight or Stunted",2014,31.9,Total,Units,%,Reanalysed,Free,Middle of fieldwork,Under 5 years old
Costa Rica,CR,CRI,188,"Wasted, Overweight or Stunted",2018,17.7,Total,Units,%,Reanalysed,Free,Middle of fieldwork,Under 5 years old
Cuba,CU,CUB,192,"Wasted, Overweight or Stunted",2019,18.4,Total,Units,%,Reanalysed,Free,Middle of fieldwork,Under 5 years old
Czech Republic,CZ,CZE,203,"Wasted, Overweight or Stunted",2001,11.3,Total,Units,%,Reanalysed,Free,Middle of fieldwork,Under 5 years old
Ivory Coast,CI,CIV,384,"Wasted, Overweight or Stunted",1986,30.6,Total,Units,%,Reanalysed,Free,Middle of fieldwork,Under 5 years old
Ivory Coast,CI,CIV,384,"Wasted, Overweight or Stunted",1994,39.3,Total,Units,%,Reanalysed,Free,Middle of fieldwork,Under 5 years old
Ivory Coast,CI,CIV,384,"Wasted, Overweight or Stunted",1998,38.9,Total,Units,%,Reanalysed,Free,Middle of fieldwork,Under 5 years old
Ivory Coast,CI,CIV,384,"Wasted, Overweight or Stunted",2012,37.5,Total,Units,%,Reanalysed,Free,Middle of fieldwork,Under 5 years old
Ivory Coast,CI,CIV,384,"Wasted, Overweight or Stunted",2016,27,Total,Units,%,Reanalysed,Free,Middle of fieldwork,Under 5 years old
"Congo, the Democratic Republic of the",CD,COD,180,"Wasted, Overweight or Stunted",2001,57.5,Total,Units,%,Reanalysed,Free,Middle of fieldwork,Under 5 years old
"Congo, the Democratic Republic of the",CD,COD,180,"Wasted, Overweight or Stunted",2007,56,Total,Units,%,Reanalysed,Free,Middle of fieldwork,Under 5 years old
"Congo, the Democratic Republic of the",CD,COD,180,"Wasted, Overweight or Stunted",2010,51,Total,Units,%,Reanalysed,Free,Middle of fieldwork,Under 5 years old
"Congo, the Democratic Republic of the",CD,COD,180,"Wasted, Overweight or Stunted",2013,50.3,Total,Units,%,Reanalysed,Free,Middle of fieldwork,Under 5 years old
"Congo, the Democratic Republic of the",CD,COD,180,"Wasted, Overweight or Stunted",2017,47.8,Total,Units,%,Reanalysed,Free,Middle of fieldwork,Under 5 years old
Djibouti,DJ,DJI,262,"Wasted, Overweight or Stunted",2013,37.3,Total,Units,%,Reanalysed,Free,Middle of fieldwork,Under 5 years old
Djibouti,DJ,DJI,262,"Wasted, Overweight or Stunted",2019,29,Total,Units,%,Reanalysed,Free,Middle of fieldwork,Under 5 years old
Dominican Republic,DO,DOM,214,"Wasted, Overweight or Stunted",1986,27,Total,Units,%,Reanalysed,Free,Middle of fieldwork,Under 5 years old
Dominican Republic,DO,DOM,214,"Wasted, Overweight or Stunted",1991,25.7,Total,Units,%,Reanalysed,Free,Middle of fieldwork,Under 5 years old
Dominican Republic,DO,DOM,214,"Wasted, Overweight or Stunted",1996,21.2,Total,Units,%,Reanalysed,Free,Middle of fieldwork,Under 5 years old
Dominican Republic,DO,DOM,214,"Wasted, Overweight or Stunted",2000,15,Total,Units,%,Reanalysed,Free,Middle of fieldwork,Under 5 years old
Dominican Republic,DO,DOM,214,"Wasted, Overweight or Stunted",2002,20.8,Total,Units,%,Reanalysed,Free,Middle of fieldwork,Under 5 years old
Dominican Republic,DO,DOM,214,"Wasted, Overweight or Stunted",2006,15.8,Total,Units,%,Reanalysed,Free,Middle of fieldwork,Under 5 years old
Dominican Republic,DO,DOM,214,"Wasted, Overweight or Stunted",2007,19.5,Total,Units,%,Reanalysed,Free,Middle of fieldwork,Under 5 years old
Dominican Republic,DO,DOM,214,"Wasted, Overweight or Stunted",2013,15.9,Total,Units,%,Reanalysed,Free,Middle of fieldwork,Under 5 years old
Dominican Republic,DO,DOM,214,"Wasted, Overweight or Stunted",2019,15.4,Total,Units,%,Reanalysed,Free,Middle of fieldwork,Under 5 years old
Ecuador,EC,ECU,218,"Wasted, Overweight or Stunted",1999,32,Total,Units,%,Reanalysed,Free,Middle of fieldwork,Under 5 years old
Ecuador,EC,ECU,218,"Wasted, Overweight or Stunted",2004,34.5,Total,Units,%,Reanalysed,Free,Middle of fieldwork,Under 5 years old
Ecuador,EC,ECU,218,"Wasted, Overweight or Stunted",2006,31.7,Total,Units,%,Reanalysed,Free,Middle of fieldwork,Under 5 years old
Ecuador,EC,ECU,218,"Wasted, Overweight or Stunted",2012,32.6,Total,Units,%,Reanalysed,Free,Middle of fieldwork,Under 5 years old
Ecuador,EC,ECU,218,"Wasted, Overweight or Stunted",2014,31,Total,Units,%,Reanalysed,Free,Middle of fieldwork,Under 5 years old
Ecuador,EC,ECU,218,"Wasted, Overweight or Stunted",2019,33.8,Total,Units,%,Reanalysed,Free,Middle of fieldwork,Under 5 years old
Egypt,EG,EGY,818,"Wasted, Overweight or Stunted",1988,39.5,Total,Units,%,Reanalysed,Free,Middle of fieldwork,Under 5 years old
Egypt,EG,EGY,818,"Wasted, Overweight or Stunted",1991,45.8,Total,Units,%,Reanalysed,Free,Middle of fieldwork,Under 5 years old
Egypt,EG,EGY,818,"Wasted, Overweight or Stunted",1992,43.3,Total,Units,%,Reanalysed,Free,Middle of fieldwork,Under 5 years old
Egypt,EG,EGY,818,"Wasted, Overweight or Stunted",1995,45.1,Total,Units,%,Reanalysed,Free,Middle of fieldwork,Under 5 years old
Egypt,EG,EGY,818,"Wasted, Overweight or Stunted",2003,29.8,Total,Units,%,Reanalysed,Free,Middle of fieldwork,Under 5 years old
Egypt,EG,EGY,818,"Wasted, Overweight or Stunted",2005,35.8,Total,Units,%,Reanalysed,Free,Middle of fieldwork,Under 5 years old
Egypt,EG,EGY,818,"Wasted, Overweight or Stunted",2008,47,Total,Units,%,Reanalysed,Free,Middle of fieldwork,Under 5 years old
Egypt,EG,EGY,818,"Wasted, Overweight or Stunted",2014,38.8,Total,Units,%,Reanalysed,Free,Middle of fieldwork,Under 5 years old
El Salvador,SV,SLV,222,"Wasted, Overweight or Stunted",1993,35,Total,Units,%,Reanalysed,Free,Middle of fieldwork,Under 5 years old
El Salvador,SV,SLV,222,"Wasted, Overweight or Stunted",1998,36.6,Total,Units,%,Reanalysed,Free,Middle of fieldwork,Under 5 years old
El Salvador,SV,SLV,222,"Wasted, Overweight or Stunted",2003,30.4,Total,Units,%,Reanalysed,Free,Middle of fieldwork,Under 5 years old
El Salvador,SV,SLV,222,"Wasted, Overweight or Stunted",2008,26.5,Total,Units,%,Reanalysed,Free,Middle of fieldwork,Under 5 years old
El Salvador,SV,SLV,222,"Wasted, Overweight or Stunted",2014,21.1,Total,Units,%,Reanalysed,Free,Middle of fieldwork,Under 5 years old
Equatorial Guinea,GQ,GNQ,226,"Wasted, Overweight or Stunted",2000,55.2,Total,Units,%,Reanalysed,Free,Middle of fieldwork,Under 5 years old
Eritrea,ER,ERI,232,"Wasted, Overweight or Stunted",1995,54.5,Total,Units,%,Reanalysed,Free,Middle of fieldwork,Under 5 years old
Eritrea,ER,ERI,232,"Wasted, Overweight or Stunted",2002,52.2,Total,Units,%,Reanalysed,Free,Middle of fieldwork,Under 5 years old
Eritrea,ER,ERI,232,"Wasted, Overweight or Stunted",2010,61.4,Total,Units,%,Reanalysed,Free,Middle of fieldwork,Under 5 years old
Estonia,EE,EST,233,"Wasted, Overweight or Stunted",2014,7.7,Total,Units,%,Reanalysed,Free,Middle of fieldwork,Under 5 years old
Swaziland,SZ,SWZ,748,"Wasted, Overweight or Stunted",2000,46.2,Total,Units,%,Reanalysed,Free,Middle of fieldwork,Under 5 years old
Swaziland,SZ,SWZ,748,"Wasted, Overweight or Stunted",2006,38.8,Total,Units,%,Reanalysed,Free,Middle of fieldwork,Under 5 years old
Swaziland,SZ,SWZ,748,"Wasted, Overweight or Stunted",2010,39.3,Total,Units,%,Reanalysed,Free,Middle of fieldwork,Under 5 years old
Swaziland,SZ,SWZ,748,"Wasted, Overweight or Stunted",2014,33.9,Total,Units,%,Reanalysed,Free,Middle of fieldwork,Under 5 years old
Ethiopia,ET,ETH,231,"Wasted, Overweight or Stunted",2000,63.9,Total,Units,%,Reanalysed,Free,Middle of fieldwork,Under 5 years old
Ethiopia,ET,ETH,231,"Wasted, Overweight or Stunted",2005,60.1,Total,Units,%,Reanalysed,Free,Middle of fieldwork,Under 5 years old
Ethiopia,ET,ETH,231,"Wasted, Overweight or Stunted",2011,51.3,Total,Units,%,Reanalysed,Free,Middle of fieldwork,Under 5 years old
Ethiopia,ET,ETH,231,"Wasted, Overweight or Stunted",2014,47.7,Total,Units,%,Reanalysed,Free,Middle of fieldwork,Under 5 years old
Ethiopia,ET,ETH,231,"Wasted, Overweight or Stunted",2016,46.9,Total,Units,%,Reanalysed,Free,Middle of fieldwork,Under 5 years old
Ethiopia,ET,ETH,231,"Wasted, Overweight or Stunted",2019,42.2,Total,Units,%,Reanalysed,Free,Middle of fieldwork,Under 5 years old
Fiji,FJ,FJI,242,"Wasted, Overweight or Stunted",2021,17.1,Total,Units,%,Reanalysed,Free,Middle of fieldwork,Under 5 years old
Gabon,GA,GAB,266,"Wasted, Overweight or Stunted",2000,32.6,Total,Units,%,Reanalysed,Free,Middle of fieldwork,Under 5 years old
Gabon,GA,GAB,266,"Wasted, Overweight or Stunted",2012,25.2,Total,Units,%,Reanalysed,Free,Middle of fieldwork,Under 5 years old
Gambia,GM,GMB,270,"Wasted, Overweight or Stunted",2000,32.2,Total,Units,%,Reanalysed,Free,Middle of fieldwork,Under 5 years old
Gambia,GM,GMB,270,"Wasted, Overweight or Stunted",2006,34.4,Total,Units,%,Reanalysed,Free,Middle of fieldwork,Under 5 years old
Gambia,GM,GMB,270,"Wasted, Overweight or Stunted",2010,30.9,Total,Units,%,Reanalysed,Free,Middle of fieldwork,Under 5 years old
Gambia,GM,GMB,270,"Wasted, Overweight or Stunted",2012,28.2,Total,Units,%,Reanalysed,Free,Middle of fieldwork,Under 5 years old
Gambia,GM,GMB,270,"Wasted, Overweight or Stunted",2013,34.6,Total,Units,%,Reanalysed,Free,Middle of fieldwork,Under 5 years old
Gambia,GM,GMB,270,"Wasted, Overweight or Stunted",13/03/2018,24.3,Total,Units,%,Reanalysed,Free,Middle of fieldwork,Under 5 years old
Gambia,GM,GMB,270,"Wasted, Overweight or Stunted",09/04/2018,20.3,Total,Units,%,Reanalysed,Free,Middle of fieldwork,Under 5 years old
Gambia,GM,GMB,270,"Wasted, Overweight or Stunted",2020,22.9,Total,Units,%,Reanalysed,Free,Middle of fieldwork,Under 5 years old
Georgia,GE,GEO,268,"Wasted, Overweight or Stunted",2005,31.7,Total,Units,%,Reanalysed,Free,Middle of fieldwork,Under 5 years old
Georgia,GE,GEO,268,"Wasted, Overweight or Stunted",2009,27.3,Total,Units,%,Reanalysed,Free,Middle of fieldwork,Under 5 years old
Georgia,GE,GEO,268,"Wasted, Overweight or Stunted",2018,12.4,Total,Units,%,Reanalysed,Free,Middle of fieldwork,Under 5 years old
Ghana,GH,GHA,288,"Wasted, Overweight or Stunted",1988,38.8,Total,Units,%,Reanalysed,Free,Middle of fieldwork,Under 5 years old
Ghana,GH,GHA,288,"Wasted, Overweight or Stunted",1993,44.6,Total,Units,%,Reanalysed,Free,Middle of fieldwork,Under 5 years old
Ghana,GH,GHA,288,"Wasted, Overweight or Stunted",1997,41.7,Total,Units,%,Reanalysed,Free,Middle of fieldwork,Under 5 years old
Ghana,GH,GHA,288,"Wasted, Overweight or Stunted",1998,39.7,Total,Units,%,Reanalysed,Free,Middle of fieldwork,Under 5 years old
Ghana,GH,GHA,288,"Wasted, Overweight or Stunted",2003,43.9,Total,Units,%,Reanalysed,Free,Middle of fieldwork,Under 5 years old
Ghana,GH,GHA,288,"Wasted, Overweight or Stunted",2006,33.7,Total,Units,%,Reanalysed,Free,Middle of fieldwork,Under 5 years old
Ghana,GH,GHA,288,"Wasted, Overweight or Stunted",2008,38.5,Total,Units,%,Reanalysed,Free,Middle of fieldwork,Under 5 years old
Ghana,GH,GHA,288,"Wasted, Overweight or Stunted",2011,29.2,Total,Units,%,Reanalysed,Free,Middle of fieldwork,Under 5 years old
Ghana,GH,GHA,288,"Wasted, Overweight or Stunted",2014,23.9,Total,Units,%,Reanalysed,Free,Middle of fieldwork,Under 5 years old
Ghana,GH,GHA,288,"Wasted, Overweight or Stunted",2017,23.8,Total,Units,%,Reanalysed,Free,Middle of fieldwork,Under 5 years old
Greece,GR,GRC,300,"Wasted, Overweight or Stunted",2003,15.3,Total,Units,%,Reanalysed,Free,Middle of fieldwork,Under 5 years old
Guatemala,GT,GTM,320,"Wasted, Overweight or Stunted",1987,64,Total,Units,%,Reanalysed,Free,Middle of fieldwork,Under 5 years old
Guatemala,GT,GTM,320,"Wasted, Overweight or Stunted",1995,59.9,Total,Units,%,Reanalysed,Free,Middle of fieldwork,Under 5 years old
Guatemala,GT,GTM,320,"Wasted, Overweight or Stunted",1999,58.6,Total,Units,%,Reanalysed,Free,Middle of fieldwork,Under 5 years old
Guatemala,GT,GTM,320,"Wasted, Overweight or Stunted",2000,56.4,Total,Units,%,Reanalysed,Free,Middle of fieldwork,Under 5 years old
Guatemala,GT,GTM,320,"Wasted, Overweight or Stunted",2002,58.3,Total,Units,%,Reanalysed,Free,Middle of fieldwork,Under 5 years old
Guatemala,GT,GTM,320,"Wasted, Overweight or Stunted",2009,55.6,Total,Units,%,Reanalysed,Free,Middle of fieldwork,Under 5 years old
Guatemala,GT,GTM,320,"Wasted, Overweight or Stunted",2015,50.4,Total,Units,%,Reanalysed,Free,Middle of fieldwork,Under 5 years old
Guinea,GN,GIN,324,"Wasted, Overweight or Stunted",1999,40.3,Total,Units,%,Reanalysed,Free,Middle of fieldwork,Under 5 years old
Guinea,GN,GIN,324,"Wasted, Overweight or Stunted",2005,49,Total,Units,%,Reanalysed,Free,Middle of fieldwork,Under 5 years old
Guinea,GN,GIN,324,"Wasted, Overweight or Stunted",2007,42.9,Total,Units,%,Reanalysed,Free,Middle of fieldwork,Under 5 years old
Guinea,GN,GIN,324,"Wasted, Overweight or Stunted",06/01/2012,39,Total,Units,%,Reanalysed,Free,Middle of fieldwork,Under 5 years old
Guinea,GN,GIN,324,"Wasted, Overweight or Stunted",06/08/2012,40.8,Total,Units,%,Reanalysed,Free,Middle of fieldwork,Under 5 years old
Guinea,GN,GIN,324,"Wasted, Overweight or Stunted",2016,40.4,Total,Units,%,Reanalysed,Free,Middle of fieldwork,Under 5 years old
Guinea,GN,GIN,324,"Wasted, Overweight or Stunted",2018,40.3,Total,Units,%,Reanalysed,Free,Middle of fieldwork,Under 5 years old
Guinea-Bissau,GW,GNB,624,"Wasted, Overweight or Stunted",2000,45,Total,Units,%,Reanalysed,Free,Middle of fieldwork,Under 5 years old
Guinea-Bissau,GW,GNB,624,"Wasted, Overweight or Stunted",2010,37.2,Total,Units,%,Reanalysed,Free,Middle of fieldwork,Under 5 years old
Guinea-Bissau,GW,GNB,624,"Wasted, Overweight or Stunted",2012,31.5,Total,Units,%,Reanalysed,Free,Middle of fieldwork,Under 5 years old
Guinea-Bissau,GW,GNB,624,"Wasted, Overweight or Stunted",2014,32.8,Total,Units,%,Reanalysed,Free,Middle of fieldwork,Under 5 years old
Guinea-Bissau,GW,GNB,624,"Wasted, Overweight or Stunted",15/01/2019,32.5,Total,Units,%,Reanalysed,Free,Middle of fieldwork,Under 5 years old
Guinea-Bissau,GW,GNB,624,"Wasted, Overweight or Stunted",15/09/2019,34.1,Total,Units,%,Reanalysed,Free,Middle of fieldwork,Under 5 years old
Guyana,GY,GUY,328,"Wasted, Overweight or Stunted",1993,21.2,Total,Units,%,Reanalysed,Free,Middle of fieldwork,Under 5 years old
Guyana,GY,GUY,328,"Wasted, Overweight or Stunted",2000,28.1,Total,Units,%,Reanalysed,Free,Middle of fieldwork,Under 5 years old
Guyana,GY,GUY,328,"Wasted, Overweight or Stunted",2006,29.6,Total,Units,%,Reanalysed,Free,Middle of fieldwork,Under 5 years old
Guyana,GY,GUY,328,"Wasted, Overweight or Stunted",2009,28.5,Total,Units,%,Reanalysed,Free,Middle of fieldwork,Under 5 years old
Guyana,GY,GUY,328,"Wasted, Overweight or Stunted",2014,21.2,Total,Units,%,Reanalysed,Free,Middle of fieldwork,Under 5 years old
Guyana,GY,GUY,328,"Wasted, Overweight or Stunted",2019,20.4,Total,Units,%,Reanalysed,Free,Middle of fieldwork,Under 5 years old
Haiti,HT,HTI,332,"Wasted, Overweight or Stunted",1994,44.7,Total,Units,%,Reanalysed,Free,Middle of fieldwork,Under 5 years old
Haiti,HT,HTI,332,"Wasted, Overweight or Stunted",2000,34.9,Total,Units,%,Reanalysed,Free,Middle of fieldwork,Under 5 years old
Haiti,HT,HTI,332,"Wasted, Overweight or Stunted",2006,38.8,Total,Units,%,Reanalysed,Free,Middle of fieldwork,Under 5 years old
Haiti,HT,HTI,332,"Wasted, Overweight or Stunted",2012,28,Total,Units,%,Reanalysed,Free,Middle of fieldwork,Under 5 years old
Haiti,HT,HTI,332,"Wasted, Overweight or Stunted",2017,27.2,Total,Units,%,Reanalysed,Free,Middle of fieldwork,Under 5 years old
Honduras,HN,HND,340,"Wasted, Overweight or Stunted",1991,45.7,Total,Units,%,Reanalysed,Free,Middle of fieldwork,Under 5 years old
Honduras,HN,HND,340,"Wasted, Overweight or Stunted",1996,45.7,Total,Units,%,Reanalysed,Free,Middle of fieldwork,Under 5 years old
Honduras,HN,HND,340,"Wasted, Overweight or Stunted",2001,38.6,Total,Units,%,Reanalysed,Free,Middle of fieldwork,Under 5 years old
Honduras,HN,HND,340,"Wasted, Overweight or Stunted",2006,35.5,Total,Units,%,Reanalysed,Free,Middle of fieldwork,Under 5 years old
Honduras,HN,HND,340,"Wasted, Overweight or Stunted",2012,28.1,Total,Units,%,Reanalysed,Free,Middle of fieldwork,Under 5 years old
Honduras,HN,HND,340,"Wasted, Overweight or Stunted",2019,24.2,Total,Units,%,Reanalysed,Free,Middle of fieldwork,Under 5 years old
India,IN,IND,356,"Wasted, Overweight or Stunted",1992,68.5,Total,Units,%,Reanalysed,Free,Middle of fieldwork,Under 5 years old
India,IN,IND,356,"Wasted, Overweight or Stunted",1999,62.8,Total,Units,%,Reanalysed,Free,Middle of fieldwork,Under 5 years old
India,IN,IND,356,"Wasted, Overweight or Stunted",2006,60,Total,Units,%,Reanalysed,Free,Middle of fieldwork,Under 5 years old
India,IN,IND,356,"Wasted, Overweight or Stunted",2015,53.4,Total,Units,%,Reanalysed,Free,Middle of fieldwork,Under 5 years old
India,IN,IND,356,"Wasted, Overweight or Stunted",2020,50.6,Total,Units,%,Reanalysed,Free,Middle of fieldwork,Under 5 years old
Iraq,IQ,IRQ,368,"Wasted, Overweight or Stunted",2000,36.3,Total,Units,%,Reanalysed,Free,Middle of fieldwork,Under 5 years old
Iraq,IQ,IRQ,368,"Wasted, Overweight or Stunted",2006,40,Total,Units,%,Reanalysed,Free,Middle of fieldwork,Under 5 years old
Iraq,IQ,IRQ,368,"Wasted, Overweight or Stunted",2011,33.4,Total,Units,%,Reanalysed,Free,Middle of fieldwork,Under 5 years old
Iraq,IQ,IRQ,368,"Wasted, Overweight or Stunted",2018,19.4,Total,Units,%,Reanalysed,Free,Middle of fieldwork,Under 5 years old
Jamaica,JM,JAM,388,"Wasted, Overweight or Stunted",1989,17.2,Total,Units,%,Reanalysed,Free,Middle of fieldwork,Under 5 years old
Jamaica,JM,JAM,388,"Wasted, Overweight or Stunted",1991,18.7,Total,Units,%,Reanalysed,Free,Middle of fieldwork,Under 5 years old
Jamaica,JM,JAM,388,"Wasted, Overweight or Stunted",1992,18.7,Total,Units,%,Reanalysed,Free,Middle of fieldwork,Under 5 years old
Jamaica,JM,JAM,388,"Wasted, Overweight or Stunted",1993,19.4,Total,Units,%,Reanalysed,Free,Middle of fieldwork,Under 5 years old
Jamaica,JM,JAM,388,"Wasted, Overweight or Stunted",1994,19.9,Total,Units,%,Reanalysed,Free,Middle of fieldwork,Under 5 years old
Jamaica,JM,JAM,388,"Wasted, Overweight or Stunted",1995,18.4,Total,Units,%,Reanalysed,Free,Middle of fieldwork,Under 5 years old
Jamaica,JM,JAM,388,"Wasted, Overweight or Stunted",1996,16.2,Total,Units,%,Reanalysed,Free,Middle of fieldwork,Under 5 years old
Jamaica,JM,JAM,388,"Wasted, Overweight or Stunted",1997,15.5,Total,Units,%,Reanalysed,Free,Middle of fieldwork,Under 5 years old
Jamaica,JM,JAM,388,"Wasted, Overweight or Stunted",1998,15.6,Total,Units,%,Reanalysed,Free,Middle of fieldwork,Under 5 years old
Jamaica,JM,JAM,388,"Wasted, Overweight or Stunted",1999,13.9,Total,Units,%,Reanalysed,Free,Middle of fieldwork,Under 5 years old
Jamaica,JM,JAM,388,"Wasted, Overweight or Stunted",2000,17.2,Total,Units,%,Reanalysed,Free,Middle of fieldwork,Under 5 years old
Jamaica,JM,JAM,388,"Wasted, Overweight or Stunted",2001,14.2,Total,Units,%,Reanalysed,Free,Middle of fieldwork,Under 5 years old
Jamaica,JM,JAM,388,"Wasted, Overweight or Stunted",2002,17.8,Total,Units,%,Reanalysed,Free,Middle of fieldwork,Under 5 years old
Jamaica,JM,JAM,388,"Wasted, Overweight or Stunted",2004,16.4,Total,Units,%,Reanalysed,Free,Middle of fieldwork,Under 5 years old
Jamaica,JM,JAM,388,"Wasted, Overweight or Stunted",2006,16.4,Total,Units,%,Reanalysed,Free,Middle of fieldwork,Under 5 years old
Jamaica,JM,JAM,388,"Wasted, Overweight or Stunted",2007,15.2,Total,Units,%,Reanalysed,Free,Middle of fieldwork,Under 5 years old
Jamaica,JM,JAM,388,"Wasted, Overweight or Stunted",2008,15.6,Total,Units,%,Reanalysed,Free,Middle of fieldwork,Under 5 years old
Jamaica,JM,JAM,388,"Wasted, Overweight or Stunted",2010,14.2,Total,Units,%,Reanalysed,Free,Middle of fieldwork,Under 5 years old
Jamaica,JM,JAM,388,"Wasted, Overweight or Stunted",2012,15.3,Total,Units,%,Reanalysed,Free,Middle of fieldwork,Under 5 years old
Jamaica,JM,JAM,388,"Wasted, Overweight or Stunted",2014,16.2,Total,Units,%,Reanalysed,Free,Middle of fieldwork,Under 5 years old
Jamaica,JM,JAM,388,"Wasted, Overweight or Stunted",2016,17.8,Total,Units,%,Reanalysed,Free,Middle of fieldwork,Under 5 years old
Jamaica,JM,JAM,388,"Wasted, Overweight or Stunted",2018,13.5,Total,Units,%,Reanalysed,Free,Middle of fieldwork,Under 5 years old
Jordan,JO,JOR,400,"Wasted, Overweight or Stunted",1990,29.2,Total,Units,%,Reanalysed,Free,Middle of fieldwork,Under 5 years old
Jordan,JO,JOR,400,"Wasted, Overweight or Stunted",1997,16.2,Total,Units,%,Reanalysed,Free,Middle of fieldwork,Under 5 years old
Jordan,JO,JOR,400,"Wasted, Overweight or Stunted",2002,17.6,Total,Units,%,Reanalysed,Free,Middle of fieldwork,Under 5 years old
Jordan,JO,JOR,400,"Wasted, Overweight or Stunted",2009,15.6,Total,Units,%,Reanalysed,Free,Middle of fieldwork,Under 5 years old
Jordan,JO,JOR,400,"Wasted, Overweight or Stunted",2012,14,Total,Units,%,Reanalysed,Free,Middle of fieldwork,Under 5 years old
Jordan,JO,JOR,400,"Wasted, Overweight or Stunted",2019,15.8,Total,Units,%,Reanalysed,Free,Middle of fieldwork,Under 5 years old
Kazakhstan,KZ,KAZ,398,"Wasted, Overweight or Stunted",1995,29.9,Total,Units,%,Reanalysed,Free,Middle of fieldwork,Under 5 years old
Kazakhstan,KZ,KAZ,398,"Wasted, Overweight or Stunted",1999,19.8,Total,Units,%,Reanalysed,Free,Middle of fieldwork,Under 5 years old
Kazakhstan,KZ,KAZ,398,"Wasted, Overweight or Stunted",2006,33.3,Total,Units,%,Reanalysed,Free,Middle of fieldwork,Under 5 years old
Kazakhstan,KZ,KAZ,398,"Wasted, Overweight or Stunted",2010,25.5,Total,Units,%,Reanalysed,Free,Middle of fieldwork,Under 5 years old
Kazakhstan,KZ,KAZ,398,"Wasted, Overweight or Stunted",2015,18.5,Total,Units,%,Reanalysed,Free,Middle of fieldwork,Under 5 years old
Kenya,KE,KEN,404,"Wasted, Overweight or Stunted",1993,47.7,Total,Units,%,Reanalysed,Free,Middle of fieldwork,Under 5 years old
Kenya,KE,KEN,404,"Wasted, Overweight or Stunted",1994,47.4,Total,Units,%,Reanalysed,Free,Middle of fieldwork,Under 5 years old
Kenya,KE,KEN,404,"Wasted, Overweight or Stunted",1998,47.4,Total,Units,%,Reanalysed,Free,Middle of fieldwork,Under 5 years old
Kenya,KE,KEN,404,"Wasted, Overweight or Stunted",2000,48.4,Total,Units,%,Reanalysed,Free,Middle of fieldwork,Under 5 years old
Kenya,KE,KEN,404,"Wasted, Overweight or Stunted",2003,43.3,Total,Units,%,Reanalysed,Free,Middle of fieldwork,Under 5 years old
Kenya,KE,KEN,404,"Wasted, Overweight or Stunted",2005,48.6,Total,Units,%,Reanalysed,Free,Middle of fieldwork,Under 5 years old
Kenya,KE,KEN,404,"Wasted, Overweight or Stunted",2008,43.1,Total,Units,%,Reanalysed,Free,Middle of fieldwork,Under 5 years old
Kenya,KE,KEN,404,"Wasted, Overweight or Stunted",2014,32.1,Total,Units,%,Reanalysed,Free,Middle of fieldwork,Under 5 years old
Kiribati,KI,KIR,296,"Wasted, Overweight or Stunted",2018,19.6,Total,Units,%,Reanalysed,Free,Middle of fieldwork,Under 5 years old
Kyrgyzstan,KG,KGZ,417,"Wasted, Overweight or Stunted",1997,40.8,Total,Units,%,Reanalysed,Free,Middle of fieldwork,Under 5 years old
Kyrgyzstan,KG,KGZ,417,"Wasted, Overweight or Stunted",2006,27.7,Total,Units,%,Reanalysed,Free,Middle of fieldwork,Under 5 years old
Kyrgyzstan,KG,KGZ,417,"Wasted, Overweight or Stunted",2012,25.8,Total,Units,%,Reanalysed,Free,Middle of fieldwork,Under 5 years old
Kyrgyzstan,KG,KGZ,417,"Wasted, Overweight or Stunted",2014,20.9,Total,Units,%,Reanalysed,Free,Middle of fieldwork,Under 5 years old
Kyrgyzstan,KG,KGZ,417,"Wasted, Overweight or Stunted",2018,19,Total,Units,%,Reanalysed,Free,Middle of fieldwork,Under 5 years old
Lao People's Democratic Republic,LA,LAO,418,"Wasted, Overweight or Stunted",2000,60.2,Total,Units,%,Reanalysed,Free,Middle of fieldwork,Under 5 years old
Lao People's Democratic Republic,LA,LAO,418,"Wasted, Overweight or Stunted",2006,51.6,Total,Units,%,Reanalysed,Free,Middle of fieldwork,Under 5 years old
Lao People's Democratic Republic,LA,LAO,418,"Wasted, Overweight or Stunted",2011,48.6,Total,Units,%,Reanalysed,Free,Middle of fieldwork,Under 5 years old
Lao People's Democratic Republic,LA,LAO,418,"Wasted, Overweight or Stunted",2015,42.8,Total,Units,%,Reanalysed,Free,Middle of fieldwork,Under 5 years old
Lao People's Democratic Republic,LA,LAO,418,"Wasted, Overweight or Stunted",2017,41.6,Total,Units,%,Reanalysed,Free,Middle of fieldwork,Under 5 years old
Lesotho,LS,LSO,426,"Wasted, Overweight or Stunted",2004,51.7,Total,Units,%,Reanalysed,Free,Middle of fieldwork,Under 5 years old
Lesotho,LS,LSO,426,"Wasted, Overweight or Stunted",2009,46.4,Total,Units,%,Reanalysed,Free,Middle of fieldwork,Under 5 years old
Lesotho,LS,LSO,426,"Wasted, Overweight or Stunted",2014,40.5,Total,Units,%,Reanalysed,Free,Middle of fieldwork,Under 5 years old
Lesotho,LS,LSO,426,"Wasted, Overweight or Stunted",2018,40.1,Total,Units,%,Reanalysed,Free,Middle of fieldwork,Under 5 years old
Liberia,LR,LBR,430,"Wasted, Overweight or Stunted",2000,50.8,Total,Units,%,Reanalysed,Free,Middle of fieldwork,Under 5 years old
Liberia,LR,LBR,430,"Wasted, Overweight or Stunted",2007,47.1,Total,Units,%,Reanalysed,Free,Middle of fieldwork,Under 5 years old
Liberia,LR,LBR,430,"Wasted, Overweight or Stunted",2010,42.5,Total,Units,%,Reanalysed,Free,Middle of fieldwork,Under 5 years old
Liberia,LR,LBR,430,"Wasted, Overweight or Stunted",2013,37.7,Total,Units,%,Reanalysed,Free,Middle of fieldwork,Under 5 years old
Liberia,LR,LBR,430,"Wasted, Overweight or Stunted",2016,34.3,Total,Units,%,Reanalysed,Free,Middle of fieldwork,Under 5 years old
Liberia,LR,LBR,430,"Wasted, Overweight or Stunted",2019,34.7,Total,Units,%,Reanalysed,Free,Middle of fieldwork,Under 5 years old
Libya,LY,LBY,434,"Wasted, Overweight or Stunted",1995,32,Total,Units,%,Reanalysed,Free,Middle of fieldwork,Under 5 years old
Madagascar,MG,MDG,450,"Wasted, Overweight or Stunted",1992,64,Total,Units,%,Reanalysed,Free,Middle of fieldwork,Under 5 years old
Madagascar,MG,MDG,450,"Wasted, Overweight or Stunted",1997,60.3,Total,Units,%,Reanalysed,Free,Middle of fieldwork,Under 5 years old
Madagascar,MG,MDG,450,"Wasted, Overweight or Stunted",2004,64.4,Total,Units,%,Reanalysed,Free,Middle of fieldwork,Under 5 years old
Madagascar,MG,MDG,450,"Wasted, Overweight or Stunted",2012,52.3,Total,Units,%,Reanalysed,Free,Middle of fieldwork,Under 5 years old
Madagascar,MG,MDG,450,"Wasted, Overweight or Stunted",2018,45.8,Total,Units,%,Reanalysed,Free,Middle of fieldwork,Under 5 years old
Malawi,MW,MWI,454,"Wasted, Overweight or Stunted",1992,62.8,Total,Units,%,Reanalysed,Free,Middle of fieldwork,Under 5 years old
Malawi,MW,MWI,454,"Wasted, Overweight or Stunted",1998,72.1,Total,Units,%,Reanalysed,Free,Middle of fieldwork,Under 5 years old
Malawi,MW,MWI,454,"Wasted, Overweight or Stunted",2000,61.8,Total,Units,%,Reanalysed,Free,Middle of fieldwork,Under 5 years old
Malawi,MW,MWI,454,"Wasted, Overweight or Stunted",2002,64.8,Total,Units,%,Reanalysed,Free,Middle of fieldwork,Under 5 years old
Malawi,MW,MWI,454,"Wasted, Overweight or Stunted",2004,60.7,Total,Units,%,Reanalysed,Free,Middle of fieldwork,Under 5 years old
Malawi,MW,MWI,454,"Wasted, Overweight or Stunted",2006,59.8,Total,Units,%,Reanalysed,Free,Middle of fieldwork,Under 5 years old
Malawi,MW,MWI,454,"Wasted, Overweight or Stunted",2010,53.8,Total,Units,%,Reanalysed,Free,Middle of fieldwork,Under 5 years old
Malawi,MW,MWI,454,"Wasted, Overweight or Stunted",2014,47.2,Total,Units,%,Reanalysed,Free,Middle of fieldwork,Under 5 years old
Malawi,MW,MWI,454,"Wasted, Overweight or Stunted",2015,41.7,Total,Units,%,Reanalysed,Free,Middle of fieldwork,Under 5 years old
Malawi,MW,MWI,454,"Wasted, Overweight or Stunted",15/01/2016,40.4,Total,Units,%,Reanalysed,Free,Middle of fieldwork,Under 5 years old
Malawi,MW,MWI,454,"Wasted, Overweight or Stunted",11/05/2016,46.8,Total,Units,%,Reanalysed,Free,Middle of fieldwork,Under 5 years old
Malawi,MW,MWI,454,"Wasted, Overweight or Stunted",01/12/2016,41.3,Total,Units,%,Reanalysed,Free,Middle of fieldwork,Under 5 years old
Malawi,MW,MWI,454,"Wasted, Overweight or Stunted",2017,41.7,Total,Units,%,Reanalysed,Free,Middle of fieldwork,Under 5 years old
Malawi,MW,MWI,454,"Wasted, Overweight or Stunted",2018,41.3,Total,Units,%,Reanalysed,Free,Middle of fieldwork,Under 5 years old
Malawi,MW,MWI,454,"Wasted, Overweight or Stunted",2019,43.7,Total,Units,%,Reanalysed,Free,Middle of fieldwork,Under 5 years old
Malawi,MW,MWI,454,"Wasted, Overweight or Stunted",16/04/2020,39.8,Total,Units,%,Reanalysed,Free,Middle of fieldwork,Under 5 years old
Malawi,MW,MWI,454,"Wasted, Overweight or Stunted",11/12/2020,37.1,Total,Units,%,Reanalysed,Free,Middle of fieldwork,Under 5 years old
Maldives,MV,MDV,462,"Wasted, Overweight or Stunted",2009,32,Total,Units,%,Reanalysed,Free,Middle of fieldwork,Under 5 years old
Maldives,MV,MDV,462,"Wasted, Overweight or Stunted",2017,26.9,Total,Units,%,Reanalysed,Free,Middle of fieldwork,Under 5 years old
Mali,ML,MLI,466,"Wasted, Overweight or Stunted",1987,35.5,Total,Units,%,Reanalysed,Free,Middle of fieldwork,Under 5 years old
Mali,ML,MLI,466,"Wasted, Overweight or Stunted",1996,55.1,Total,Units,%,Reanalysed,Free,Middle of fieldwork,Under 5 years old
Mali,ML,MLI,466,"Wasted, Overweight or Stunted",2001,51.7,Total,Units,%,Reanalysed,Free,Middle of fieldwork,Under 5 years old
Mali,ML,MLI,466,"Wasted, Overweight or Stunted",2006,50.7,Total,Units,%,Reanalysed,Free,Middle of fieldwork,Under 5 years old
Mali,ML,MLI,466,"Wasted, Overweight or Stunted",2010,33.8,Total,Units,%,Reanalysed,Free,Middle of fieldwork,Under 5 years old
Mali,ML,MLI,466,"Wasted, Overweight or Stunted",2011,35,Total,Units,%,Reanalysed,Free,Middle of fieldwork,Under 5 years old
Mali,ML,MLI,466,"Wasted, Overweight or Stunted",2014,38,Total,Units,%,Reanalysed,Free,Middle of fieldwork,Under 5 years old
Mali,ML,MLI,466,"Wasted, Overweight or Stunted",22/05/2015,37.1,Total,Units,%,Reanalysed,Free,Middle of fieldwork,Under 5 years old
Mali,ML,MLI,466,"Wasted, Overweight or Stunted",05/09/2015,40,Total,Units,%,Reanalysed,Free,Middle of fieldwork,Under 5 years old
Mali,ML,MLI,466,"Wasted, Overweight or Stunted",2016,33.4,Total,Units,%,Reanalysed,Free,Middle of fieldwork,Under 5 years old
Mali,ML,MLI,466,"Wasted, Overweight or Stunted",2017,33.1,Total,Units,%,Reanalysed,Free,Middle of fieldwork,Under 5 years old
Mali,ML,MLI,466,"Wasted, Overweight or Stunted",24/07/2018,31.2,Total,Units,%,Reanalysed,Free,Middle of fieldwork,Under 5 years old
Mali,ML,MLI,466,"Wasted, Overweight or Stunted",27/09/2018,34.1,Total,Units,%,Reanalysed,Free,Middle of fieldwork,Under 5 years old
Mali,ML,MLI,466,"Wasted, Overweight or Stunted",2019,32.5,Total,Units,%,Reanalysed,Free,Middle of fieldwork,Under 5 years old
Mali,ML,MLI,466,"Wasted, Overweight or Stunted",2020,28.5,Total,Units,%,Reanalysed,Free,Middle of fieldwork,Under 5 years old
Mali,ML,MLI,466,"Wasted, Overweight or Stunted",2021,29.1,Total,Units,%,Reanalysed,Free,Middle of fieldwork,Under 5 years old
Marshall Islands,MH,MHL,584,"Wasted, Overweight or Stunted",2017,39.5,Total,Units,%,Reanalysed,Free,Middle of fieldwork,Under 5 years old
Mauritania,MR,MRT,478,"Wasted, Overweight or Stunted",2000,51,Total,Units,%,Reanalysed,Free,Middle of fieldwork,Under 5 years old
Mauritania,MR,MRT,478,"Wasted, Overweight or Stunted",2007,42.2,Total,Units,%,Reanalysed,Free,Middle of fieldwork,Under 5 years old
Mauritania,MR,MRT,478,"Wasted, Overweight or Stunted",2008,30.2,Total,Units,%,Reanalysed,Free,Middle of fieldwork,Under 5 years old
Mauritania,MR,MRT,478,"Wasted, Overweight or Stunted",2011,40.9,Total,Units,%,Reanalysed,Free,Middle of fieldwork,Under 5 years old
Mauritania,MR,MRT,478,"Wasted, Overweight or Stunted",2012,32.3,Total,Units,%,Reanalysed,Free,Middle of fieldwork,Under 5 years old
Mauritania,MR,MRT,478,"Wasted, Overweight or Stunted",2015,39.1,Total,Units,%,Reanalysed,Free,Middle of fieldwork,Under 5 years old
Mauritania,MR,MRT,478,"Wasted, Overweight or Stunted",2018,31.8,Total,Units,%,Reanalysed,Free,Middle of fieldwork,Under 5 years old
Mauritania,MR,MRT,478,"Wasted, Overweight or Stunted",2019,28.8,Total,Units,%,Reanalysed,Free,Middle of fieldwork,Under 5 years old
Mauritania,MR,MRT,478,"Wasted, Overweight or Stunted",2020,31.5,Total,Units,%,Reanalysed,Free,Middle of fieldwork,Under 5 years old
Mauritania,MR,MRT,478,"Wasted, Overweight or Stunted",2021,25.9,Total,Units,%,Reanalysed,Free,Middle of fieldwork,Under 5 years old
Mexico,MX,MEX,484,"Wasted, Overweight or Stunted",1988,35.4,Total,Units,%,Reanalysed,Free,Middle of fieldwork,Under 5 years old
Mexico,MX,MEX,484,"Wasted, Overweight or Stunted",1998,29.3,Total,Units,%,Reanalysed,Free,Middle of fieldwork,Under 5 years old
Mexico,MX,MEX,484,"Wasted, Overweight or Stunted",2006,23,Total,Units,%,Reanalysed,Free,Middle of fieldwork,Under 5 years old
Mexico,MX,MEX,484,"Wasted, Overweight or Stunted",2012,22.6,Total,Units,%,Reanalysed,Free,Middle of fieldwork,Under 5 years old
Mexico,MX,MEX,484,"Wasted, Overweight or Stunted",2015,18,Total,Units,%,Reanalysed,Free,Middle of fieldwork,Under 5 years old
Mexico,MX,MEX,484,"Wasted, Overweight or Stunted",2016,16.7,Total,Units,%,Reanalysed,Free,Middle of fieldwork,Under 5 years old
Mexico,MX,MEX,484,"Wasted, Overweight or Stunted",2019,21.5,Total,Units,%,Reanalysed,Free,Middle of fieldwork,Under 5 years old
Mexico,MX,MEX,484,"Wasted, Overweight or Stunted",2020,22.6,Total,Units,%,Reanalysed,Free,Middle of fieldwork,Under 5 years old
Mexico,MX,MEX,484,"Wasted, Overweight or Stunted",2021,21.1,Total,Units,%,Reanalysed,Free,Middle of fieldwork,Under 5 years old
Mongolia,MN,MNG,496,"Wasted, Overweight or Stunted",2000,42.7,Total,Units,%,Reanalysed,Free,Middle of fieldwork,Under 5 years old
Mongolia,MN,MNG,496,"Wasted, Overweight or Stunted",2005,38,Total,Units,%,Reanalysed,Free,Middle of fieldwork,Under 5 years old
Mongolia,MN,MNG,496,"Wasted, Overweight or Stunted",22/08/2010,21.8,Total,Units,%,Reanalysed,Free,Middle of fieldwork,Under 5 years old
Mongolia,MN,MNG,496,"Wasted, Overweight or Stunted",24/10/2010,25.5,Total,Units,%,Reanalysed,Free,Middle of fieldwork,Under 5 years old
Mongolia,MN,MNG,496,"Wasted, Overweight or Stunted",2013,20.6,Total,Units,%,Reanalysed,Free,Middle of fieldwork,Under 5 years old
Mongolia,MN,MNG,496,"Wasted, Overweight or Stunted",2016,18.5,Total,Units,%,Reanalysed,Free,Middle of fieldwork,Under 5 years old
Mongolia,MN,MNG,496,"Wasted, Overweight or Stunted",2018,18.9,Total,Units,%,Reanalysed,Free,Middle of fieldwork,Under 5 years old
Montenegro,ME,MNE,499,"Wasted, Overweight or Stunted",2005,24.4,Total,Units,%,Reanalysed,Free,Middle of fieldwork,Under 5 years old
Montenegro,ME,MNE,499,"Wasted, Overweight or Stunted",2013,28.8,Total,Units,%,Reanalysed,Free,Middle of fieldwork,Under 5 years old
Montenegro,ME,MNE,499,"Wasted, Overweight or Stunted",2018,15.8,Total,Units,%,Reanalysed,Free,Middle of fieldwork,Under 5 years old
Morocco,MA,MAR,504,"Wasted, Overweight or Stunted",1987,37.2,Total,Units,%,Reanalysed,Free,Middle of fieldwork,Under 5 years old
Morocco,MA,MAR,504,"Wasted, Overweight or Stunted",1992,39.1,Total,Units,%,Reanalysed,Free,Middle of fieldwork,Under 5 years old
Morocco,MA,MAR,504,"Wasted, Overweight or Stunted",1997,39.5,Total,Units,%,Reanalysed,Free,Middle of fieldwork,Under 5 years old
Morocco,MA,MAR,504,"Wasted, Overweight or Stunted",2003,40.6,Total,Units,%,Reanalysed,Free,Middle of fieldwork,Under 5 years old
Morocco,MA,MAR,504,"Wasted, Overweight or Stunted",2011,25.3,Total,Units,%,Reanalysed,Free,Middle of fieldwork,Under 5 years old
Morocco,MA,MAR,504,"Wasted, Overweight or Stunted",2017,25,Total,Units,%,Reanalysed,Free,Middle of fieldwork,Under 5 years old
Mozambique,MZ,MOZ,508,"Wasted, Overweight or Stunted",1997,52.7,Total,Units,%,Reanalysed,Free,Middle of fieldwork,Under 5 years old
Mozambique,MZ,MOZ,508,"Wasted, Overweight or Stunted",2001,59.4,Total,Units,%,Reanalysed,Free,Middle of fieldwork,Under 5 years old
Mozambique,MZ,MOZ,508,"Wasted, Overweight or Stunted",2003,52.8,Total,Units,%,Reanalysed,Free,Middle of fieldwork,Under 5 years old
Mozambique,MZ,MOZ,508,"Wasted, Overweight or Stunted",2008,47.7,Total,Units,%,Reanalysed,Free,Middle of fieldwork,Under 5 years old
Mozambique,MZ,MOZ,508,"Wasted, Overweight or Stunted",2011,50.6,Total,Units,%,Reanalysed,Free,Middle of fieldwork,Under 5 years old
Mozambique,MZ,MOZ,508,"Wasted, Overweight or Stunted",2015,48.3,Total,Units,%,Reanalysed,Free,Middle of fieldwork,Under 5 years old
Mozambique,MZ,MOZ,508,"Wasted, Overweight or Stunted",2020,42.2,Total,Units,%,Reanalysed,Free,Middle of fieldwork,Under 5 years old
Myanmar,MM,MMR,104,"Wasted, Overweight or Stunted",2000,48.1,Total,Units,%,Reanalysed,Free,Middle of fieldwork,Under 5 years old
Myanmar,MM,MMR,104,"Wasted, Overweight or Stunted",2003,53.1,Total,Units,%,Reanalysed,Free,Middle of fieldwork,Under 5 years old
Myanmar,MM,MMR,104,"Wasted, Overweight or Stunted",2016,35.4,Total,Units,%,Reanalysed,Free,Middle of fieldwork,Under 5 years old
Nepal,NP,NPL,524,"Wasted, Overweight or Stunted",1996,61.7,Total,Units,%,Reanalysed,Free,Middle of fieldwork,Under 5 years old
Nepal,NP,NPL,524,"Wasted, Overweight or Stunted",1998,64,Total,Units,%,Reanalysed,Free,Middle of fieldwork,Under 5 years old
Nepal,NP,NPL,524,"Wasted, Overweight or Stunted",2001,61.6,Total,Units,%,Reanalysed,Free,Middle of fieldwork,Under 5 years old
Nepal,NP,NPL,524,"Wasted, Overweight or Stunted",2006,55.7,Total,Units,%,Reanalysed,Free,Middle of fieldwork,Under 5 years old
Nepal,NP,NPL,524,"Wasted, Overweight or Stunted",2011,48.1,Total,Units,%,Reanalysed,Free,Middle of fieldwork,Under 5 years old
Nepal,NP,NPL,524,"Wasted, Overweight or Stunted",2014,45.5,Total,Units,%,Reanalysed,Free,Middle of fieldwork,Under 5 years old
Nepal,NP,NPL,524,"Wasted, Overweight or Stunted",15/05/2016,43.5,Total,Units,%,Reanalysed,Free,Middle of fieldwork,Under 5 years old
Nepal,NP,NPL,524,"Wasted, Overweight or Stunted",01/10/2016,43.2,Total,Units,%,Reanalysed,Free,Middle of fieldwork,Under 5 years old
Nepal,NP,NPL,524,"Wasted, Overweight or Stunted",2019,41.3,Total,Units,%,Reanalysed,Free,Middle of fieldwork,Under 5 years old
Nicaragua,NI,NIC,558,"Wasted, Overweight or Stunted",1993,34.9,Total,Units,%,Reanalysed,Free,Middle of fieldwork,Under 5 years old
Nicaragua,NI,NIC,558,"Wasted, Overweight or Stunted",1998,37.5,Total,Units,%,Reanalysed,Free,Middle of fieldwork,Under 5 years old
Nicaragua,NI,NIC,558,"Wasted, Overweight or Stunted",2001,31.9,Total,Units,%,Reanalysed,Free,Middle of fieldwork,Under 5 years old
Nicaragua,NI,NIC,558,"Wasted, Overweight or Stunted",2007,28.9,Total,Units,%,Reanalysed,Free,Middle of fieldwork,Under 5 years old
Nicaragua,NI,NIC,558,"Wasted, Overweight or Stunted",2012,25.7,Total,Units,%,Reanalysed,Free,Middle of fieldwork,Under 5 years old
Niger,NE,NER,562,"Wasted, Overweight or Stunted",1992,56.6,Total,Units,%,Reanalysed,Free,Middle of fieldwork,Under 5 years old
Niger,NE,NER,562,"Wasted, Overweight or Stunted",1998,60.6,Total,Units,%,Reanalysed,Free,Middle of fieldwork,Under 5 years old
Niger,NE,NER,562,"Wasted, Overweight or Stunted",2000,60.8,Total,Units,%,Reanalysed,Free,Middle of fieldwork,Under 5 years old
Niger,NE,NER,562,"Wasted, Overweight or Stunted",28/03/2006,62.3,Total,Units,%,Reanalysed,Free,Middle of fieldwork,Under 5 years old
Niger,NE,NER,562,"Wasted, Overweight or Stunted",01/11/2006,55.8,Total,Units,%,Reanalysed,Free,Middle of fieldwork,Under 5 years old
Niger,NE,NER,562,"Wasted, Overweight or Stunted",2007,54,Total,Units,%,Reanalysed,Free,Middle of fieldwork,Under 5 years old
Niger,NE,NER,562,"Wasted, Overweight or Stunted",2008,49.2,Total,Units,%,Reanalysed,Free,Middle of fieldwork,Under 5 years old
Niger,NE,NER,562,"Wasted, Overweight or Stunted",2009,50.4,Total,Units,%,Reanalysed,Free,Middle of fieldwork,Under 5 years old
Niger,NE,NER,562,"Wasted, Overweight or Stunted",05/06/2010,54,Total,Units,%,Reanalysed,Free,Middle of fieldwork,Under 5 years old
Niger,NE,NER,562,"Wasted, Overweight or Stunted",29/10/2010,52.9,Total,Units,%,Reanalysed,Free,Middle of fieldwork,Under 5 years old
Niger,NE,NER,562,"Wasted, Overweight or Stunted",2011,56,Total,Units,%,Reanalysed,Free,Middle of fieldwork,Under 5 years old
Niger,NE,NER,562,"Wasted, Overweight or Stunted",11/04/2012,55.9,Total,Units,%,Reanalysed,Free,Middle of fieldwork,Under 5 years old
Niger,NE,NER,562,"Wasted, Overweight or Stunted",16/07/2012,46.5,Total,Units,%,Reanalysed,Free,Middle of fieldwork,Under 5 years old
Niger,NE,NER,562,"Wasted, Overweight or Stunted",2013,48.1,Total,Units,%,Reanalysed,Free,Middle of fieldwork,Under 5 years old
Niger,NE,NER,562,"Wasted, Overweight or Stunted",2014,49.2,Total,Units,%,Reanalysed,Free,Middle of fieldwork,Under 5 years old
Niger,NE,NER,562,"Wasted, Overweight or Stunted",2015,52.5,Total,Units,%,Reanalysed,Free,Middle of fieldwork,Under 5 years old
Niger,NE,NER,562,"Wasted, Overweight or Stunted",2016,46.3,Total,Units,%,Reanalysed,Free,Middle of fieldwork,Under 5 years old
Niger,NE,NER,562,"Wasted, Overweight or Stunted",2018,54,Total,Units,%,Reanalysed,Free,Middle of fieldwork,Under 5 years old
Niger,NE,NER,562,"Wasted, Overweight or Stunted",2019,51.8,Total,Units,%,Reanalysed,Free,Middle of fieldwork,Under 5 years old
Niger,NE,NER,562,"Wasted, Overweight or Stunted",2020,51.5,Total,Units,%,Reanalysed,Free,Middle of fieldwork,Under 5 years old
Niger,NE,NER,562,"Wasted, Overweight or Stunted",2021,50.2,Total,Units,%,Reanalysed,Free,Middle of fieldwork,Under 5 years old
Nigeria,NG,NGA,566,"Wasted, Overweight or Stunted",1990,56.8,Total,Units,%,Reanalysed,Free,Middle of fieldwork,Under 5 years old
Nigeria,NG,NGA,566,"Wasted, Overweight or Stunted",2003,52.4,Total,Units,%,Reanalysed,Free,Middle of fieldwork,Under 5 years old
Nigeria,NG,NGA,566,"Wasted, Overweight or Stunted",2011,43.8,Total,Units,%,Reanalysed,Free,Middle of fieldwork,Under 5 years old
Nigeria,NG,NGA,566,"Wasted, Overweight or Stunted",2014,39.1,Total,Units,%,Reanalysed,Free,Middle of fieldwork,Under 5 years old
Nigeria,NG,NGA,566,"Wasted, Overweight or Stunted",2015,38.1,Total,Units,%,Reanalysed,Free,Middle of fieldwork,Under 5 years old
Nigeria,NG,NGA,566,"Wasted, Overweight or Stunted",2016,49.5,Total,Units,%,Reanalysed,Free,Middle of fieldwork,Under 5 years old
Nigeria,NG,NGA,566,"Wasted, Overweight or Stunted",02/04/2018,37.6,Total,Units,%,Reanalysed,Free,Middle of fieldwork,Under 5 years old
Nigeria,NG,NGA,566,"Wasted, Overweight or Stunted",23/10/2018,41.7,Total,Units,%,Reanalysed,Free,Middle of fieldwork,Under 5 years old
Nigeria,NG,NGA,566,"Wasted, Overweight or Stunted",2020,36.3,Total,Units,%,Reanalysed,Free,Middle of fieldwork,Under 5 years old
"Macedonia, the former Yugoslav Republic of",MK,MKD,807,"Wasted, Overweight or Stunted",2005,26.6,Total,Units,%,Reanalysed,Free,Middle of fieldwork,Under 5 years old
"Macedonia, the former Yugoslav Republic of",MK,MKD,807,"Wasted, Overweight or Stunted",2011,18,Total,Units,%,Reanalysed,Free,Middle of fieldwork,Under 5 years old
"Macedonia, the former Yugoslav Republic of",MK,MKD,807,"Wasted, Overweight or Stunted",2019,17.5,Total,Units,%,Reanalysed,Free,Middle of fieldwork,Under 5 years old
Oman,OM,OMN,512,"Wasted, Overweight or Stunted",1994,28.5,Total,Units,%,Reanalysed,Free,Middle of fieldwork,Under 5 years old
Oman,OM,OMN,512,"Wasted, Overweight or Stunted",1999,23.3,Total,Units,%,Reanalysed,Free,Middle of fieldwork,Under 5 years old
Pakistan,PK,PAK,586,"Wasted, Overweight or Stunted",1991,63,Total,Units,%,Reanalysed,Free,Middle of fieldwork,Under 5 years old
Pakistan,PK,PAK,586,"Wasted, Overweight or Stunted",2001,52.4,Total,Units,%,Reanalysed,Free,Middle of fieldwork,Under 5 years old
Pakistan,PK,PAK,586,"Wasted, Overweight or Stunted",2011,55.7,Total,Units,%,Reanalysed,Free,Middle of fieldwork,Under 5 years old
Pakistan,PK,PAK,586,"Wasted, Overweight or Stunted",2013,52.7,Total,Units,%,Reanalysed,Free,Middle of fieldwork,Under 5 years old
Pakistan,PK,PAK,586,"Wasted, Overweight or Stunted",2018,43.2,Total,Units,%,Reanalysed,Free,Middle of fieldwork,Under 5 years old
Panama,PA,PAN,591,"Wasted, Overweight or Stunted",1997,22.8,Total,Units,%,Reanalysed,Free,Middle of fieldwork,Under 5 years old
Panama,PA,PAN,591,"Wasted, Overweight or Stunted",2003,30.5,Total,Units,%,Reanalysed,Free,Middle of fieldwork,Under 5 years old
Panama,PA,PAN,591,"Wasted, Overweight or Stunted",2008,27.1,Total,Units,%,Reanalysed,Free,Middle of fieldwork,Under 5 years old
Panama,PA,PAN,591,"Wasted, Overweight or Stunted",2019,26.9,Total,Units,%,Reanalysed,Free,Middle of fieldwork,Under 5 years old
Papua New Guinea,PG,PNG,598,"Wasted, Overweight or Stunted",2010,66.2,Total,Units,%,Reanalysed,Free,Middle of fieldwork,Under 5 years old
Paraguay,PY,PRY,600,"Wasted, Overweight or Stunted",1990,23.6,Total,Units,%,Reanalysed,Free,Middle of fieldwork,Under 5 years old
Paraguay,PY,PRY,600,"Wasted, Overweight or Stunted",2005,22.9,Total,Units,%,Reanalysed,Free,Middle of fieldwork,Under 5 years old
Paraguay,PY,PRY,600,"Wasted, Overweight or Stunted",2012,21.9,Total,Units,%,Reanalysed,Free,Middle of fieldwork,Under 5 years old
Paraguay,PY,PRY,600,"Wasted, Overweight or Stunted",2016,18.4,Total,Units,%,Reanalysed,Free,Middle of fieldwork,Under 5 years old
Peru,PE,PER,604,"Wasted, Overweight or Stunted",1991,44.7,Total,Units,%,Reanalysed,Free,Middle of fieldwork,Under 5 years old
Peru,PE,PER,604,"Wasted, Overweight or Stunted",1996,40.1,Total,Units,%,Reanalysed,Free,Middle of fieldwork,Under 5 years old
Peru,PE,PER,604,"Wasted, Overweight or Stunted",2000,40.6,Total,Units,%,Reanalysed,Free,Middle of fieldwork,Under 5 years old
Peru,PE,PER,604,"Wasted, Overweight or Stunted",2005,37.1,Total,Units,%,Reanalysed,Free,Middle of fieldwork,Under 5 years old
Peru,PE,PER,604,"Wasted, Overweight or Stunted",2007,36.1,Total,Units,%,Reanalysed,Free,Middle of fieldwork,Under 5 years old
Peru,PE,PER,604,"Wasted, Overweight or Stunted",2009,33.1,Total,Units,%,Reanalysed,Free,Middle of fieldwork,Under 5 years old
Peru,PE,PER,604,"Wasted, Overweight or Stunted",23/07/2010,30.6,Total,Units,%,Reanalysed,Free,Middle of fieldwork,Under 5 years old
Peru,PE,PER,604,"Wasted, Overweight or Stunted",01/08/2010,28.7,Total,Units,%,Reanalysed,Free,Middle of fieldwork,Under 5 years old
Peru,PE,PER,604,"Wasted, Overweight or Stunted",2011,27.9,Total,Units,%,Reanalysed,Free,Middle of fieldwork,Under 5 years old
Peru,PE,PER,604,"Wasted, Overweight or Stunted",31/01/2012,25.3,Total,Units,%,Reanalysed,Free,Middle of fieldwork,Under 5 years old
Peru,PE,PER,604,"Wasted, Overweight or Stunted",31/07/2012,25.5,Total,Units,%,Reanalysed,Free,Middle of fieldwork,Under 5 years old
Peru,PE,PER,604,"Wasted, Overweight or Stunted",2013,25.7,Total,Units,%,Reanalysed,Free,Middle of fieldwork,Under 5 years old
Peru,PE,PER,604,"Wasted, Overweight or Stunted",2014,23.7,Total,Units,%,Reanalysed,Free,Middle of fieldwork,Under 5 years old
Peru,PE,PER,604,"Wasted, Overweight or Stunted",2015,22.9,Total,Units,%,Reanalysed,Free,Middle of fieldwork,Under 5 years old
Peru,PE,PER,604,"Wasted, Overweight or Stunted",2016,20.9,Total,Units,%,Reanalysed,Free,Middle of fieldwork,Under 5 years old
Peru,PE,PER,604,"Wasted, Overweight or Stunted",2017,20.9,Total,Units,%,Reanalysed,Free,Middle of fieldwork,Under 5 years old
Peru,PE,PER,604,"Wasted, Overweight or Stunted",2018,20.7,Total,Units,%,Reanalysed,Free,Middle of fieldwork,Under 5 years old
Peru,PE,PER,604,"Wasted, Overweight or Stunted",2019,20.3,Total,Units,%,Reanalysed,Free,Middle of fieldwork,Under 5 years old
Peru,PE,PER,604,"Wasted, Overweight or Stunted",2020,22.1,Total,Units,%,Reanalysed,Free,Middle of fieldwork,Under 5 years old
Peru,PE,PER,604,"Wasted, Overweight or Stunted",2021,21.2,Total,Units,%,Reanalysed,Free,Middle of fieldwork,Under 5 years old
Philippines,PH,PHL,608,"Wasted, Overweight or Stunted",2008,38.8,Total,Units,%,Reanalysed,Free,Middle of fieldwork,Under 5 years old
Philippines,PH,PHL,608,"Wasted, Overweight or Stunted",2011,41.1,Total,Units,%,Reanalysed,Free,Middle of fieldwork,Under 5 years old
Philippines,PH,PHL,608,"Wasted, Overweight or Stunted",2013,38.8,Total,Units,%,Reanalysed,Free,Middle of fieldwork,Under 5 years old
Philippines,PH,PHL,608,"Wasted, Overweight or Stunted",2015,39.8,Total,Units,%,Reanalysed,Free,Middle of fieldwork,Under 5 years old
Poland,PL,POL,616,"Wasted, Overweight or Stunted",2011,6.5,Total,Units,%,Reanalysed,Free,Middle of fieldwork,Under 5 years old
Portugal,PT,PRT,620,"Wasted, Overweight or Stunted",2016,10.8,Total,Units,%,Reanalysed,Free,Middle of fieldwork,Under 5 years old
South Korea,KR,KOR,410,"Wasted, Overweight or Stunted",2011,9.6,Total,Units,%,Reanalysed,Free,Middle of fieldwork,Under 5 years old
South Korea,KR,KOR,410,"Wasted, Overweight or Stunted",2014,7,Total,Units,%,Reanalysed,Free,Middle of fieldwork,Under 5 years old
South Korea,KR,KOR,410,"Wasted, Overweight or Stunted",2017,7.1,Total,Units,%,Reanalysed,Free,Middle of fieldwork,Under 5 years old
"Moldova, Republic of",MD,MDA,498,"Wasted, Overweight or Stunted",2005,22.9,Total,Units,%,Reanalysed,Free,Middle of fieldwork,Under 5 years old
"Moldova, Republic of",MD,MDA,498,"Wasted, Overweight or Stunted",2012,12.3,Total,Units,%,Reanalysed,Free,Middle of fieldwork,Under 5 years old
Rwanda,RW,RWA,646,"Wasted, Overweight or Stunted",1992,61.2,Total,Units,%,Reanalysed,Free,Middle of fieldwork,Under 5 years old
Rwanda,RW,RWA,646,"Wasted, Overweight or Stunted",2000,57.1,Total,Units,%,Reanalysed,Free,Middle of fieldwork,Under 5 years old
Rwanda,RW,RWA,646,"Wasted, Overweight or Stunted",2005,57.3,Total,Units,%,Reanalysed,Free,Middle of fieldwork,Under 5 years old
Rwanda,RW,RWA,646,"Wasted, Overweight or Stunted",2010,49.5,Total,Units,%,Reanalysed,Free,Middle of fieldwork,Under 5 years old
Rwanda,RW,RWA,646,"Wasted, Overweight or Stunted",2012,48.1,Total,Units,%,Reanalysed,Free,Middle of fieldwork,Under 5 years old
Rwanda,RW,RWA,646,"Wasted, Overweight or Stunted",09/01/2015,44.7,Total,Units,%,Reanalysed,Free,Middle of fieldwork,Under 5 years old
Rwanda,RW,RWA,646,"Wasted, Overweight or Stunted",26/04/2015,41,Total,Units,%,Reanalysed,Free,Middle of fieldwork,Under 5 years old
Rwanda,RW,RWA,646,"Wasted, Overweight or Stunted",2018,37.7,Total,Units,%,Reanalysed,Free,Middle of fieldwork,Under 5 years old
Rwanda,RW,RWA,646,"Wasted, Overweight or Stunted",2020,37.6,Total,Units,%,Reanalysed,Free,Middle of fieldwork,Under 5 years old
Saint Lucia,LC,LCA,662,"Wasted, Overweight or Stunted",2012,11.6,Total,Units,%,Reanalysed,Free,Middle of fieldwork,Under 5 years old
Samoa,WS,WSM,882,"Wasted, Overweight or Stunted",2014,13.2,Total,Units,%,Reanalysed,Free,Middle of fieldwork,Under 5 years old
Samoa,WS,WSM,882,"Wasted, Overweight or Stunted",2019,17.5,Total,Units,%,Reanalysed,Free,Middle of fieldwork,Under 5 years old
Sao Tome and Principe,ST,STP,678,"Wasted, Overweight or Stunted",2014,21.4,Total,Units,%,Reanalysed,Free,Middle of fieldwork,Under 5 years old
Sao Tome and Principe,ST,STP,678,"Wasted, Overweight or Stunted",2019,18.6,Total,Units,%,Reanalysed,Free,Middle of fieldwork,Under 5 years old
Senegal,SN,SEN,686,"Wasted, Overweight or Stunted",1986,33.8,Total,Units,%,Reanalysed,Free,Middle of fieldwork,Under 5 years old
Senegal,SN,SEN,686,"Wasted, Overweight or Stunted",1993,38.6,Total,Units,%,Reanalysed,Free,Middle of fieldwork,Under 5 years old
Senegal,SN,SEN,686,"Wasted, Overweight or Stunted",2000,35.2,Total,Units,%,Reanalysed,Free,Middle of fieldwork,Under 5 years old
Senegal,SN,SEN,686,"Wasted, Overweight or Stunted",2005,28.4,Total,Units,%,Reanalysed,Free,Middle of fieldwork,Under 5 years old
Senegal,SN,SEN,686,"Wasted, Overweight or Stunted",2011,35.3,Total,Units,%,Reanalysed,Free,Middle of fieldwork,Under 5 years old
Senegal,SN,SEN,686,"Wasted, Overweight or Stunted",2012,22.5,Total,Units,%,Reanalysed,Free,Middle of fieldwork,Under 5 years old
Senegal,SN,SEN,686,"Wasted, Overweight or Stunted",01/02/2013,26.6,Total,Units,%,Reanalysed,Free,Middle of fieldwork,Under 5 years old
Senegal,SN,SEN,686,"Wasted, Overweight or Stunted",20/06/2013,23.9,Total,Units,%,Reanalysed,Free,Middle of fieldwork,Under 5 years old
Senegal,SN,SEN,686,"Wasted, Overweight or Stunted",10/06/2014,24.2,Total,Units,%,Reanalysed,Free,Middle of fieldwork,Under 5 years old
Senegal,SN,SEN,686,"Wasted, Overweight or Stunted",01/07/2014,21,Total,Units,%,Reanalysed,Free,Middle of fieldwork,Under 5 years old
Senegal,SN,SEN,686,"Wasted, Overweight or Stunted",21/06/2015,26.7,Total,Units,%,Reanalysed,Free,Middle of fieldwork,Under 5 years old
Senegal,SN,SEN,686,"Wasted, Overweight or Stunted",30/10/2015,25.3,Total,Units,%,Reanalysed,Free,Middle of fieldwork,Under 5 years old
Senegal,SN,SEN,686,"Wasted, Overweight or Stunted",2016,23.5,Total,Units,%,Reanalysed,Free,Middle of fieldwork,Under 5 years old
Senegal,SN,SEN,686,"Wasted, Overweight or Stunted",2017,24.2,Total,Units,%,Reanalysed,Free,Middle of fieldwork,Under 5 years old
Senegal,SN,SEN,686,"Wasted, Overweight or Stunted",2018,25.8,Total,Units,%,Reanalysed,Free,Middle of fieldwork,Under 5 years old
Senegal,SN,SEN,686,"Wasted, Overweight or Stunted",09/02/2019,26.9,Total,Units,%,Reanalysed,Free,Middle of fieldwork,Under 5 years old
Senegal,SN,SEN,686,"Wasted, Overweight or Stunted",16/08/2019,25.4,Total,Units,%,Reanalysed,Free,Middle of fieldwork,Under 5 years old
Serbia,RS,SRB,688,"Wasted, Overweight or Stunted",2005,28.4,Total,Units,%,Reanalysed,Free,Middle of fieldwork,Under 5 years old
Serbia,RS,SRB,688,"Wasted, Overweight or Stunted",2010,22.5,Total,Units,%,Reanalysed,Free,Middle of fieldwork,Under 5 years old
Serbia,RS,SRB,688,"Wasted, Overweight or Stunted",2014,21.5,Total,Units,%,Reanalysed,Free,Middle of fieldwork,Under 5 years old
Serbia,RS,SRB,688,"Wasted, Overweight or Stunted",2019,17,Total,Units,%,Reanalysed,Free,Middle of fieldwork,Under 5 years old
Sierra Leone,SL,SLE,694,"Wasted, Overweight or Stunted",2000,45.4,Total,Units,%,Reanalysed,Free,Middle of fieldwork,Under 5 years old
Sierra Leone,SL,SLE,694,"Wasted, Overweight or Stunted",2005,54,Total,Units,%,Reanalysed,Free,Middle of fieldwork,Under 5 years old
Sierra Leone,SL,SLE,694,"Wasted, Overweight or Stunted",2010,37.9,Total,Units,%,Reanalysed,Free,Middle of fieldwork,Under 5 years old
Sierra Leone,SL,SLE,694,"Wasted, Overweight or Stunted",2014,33,Total,Units,%,Reanalysed,Free,Middle of fieldwork,Under 5 years old
Sierra Leone,SL,SLE,694,"Wasted, Overweight or Stunted",01/07/2017,37.8,Total,Units,%,Reanalysed,Free,Middle of fieldwork,Under 5 years old
Sierra Leone,SL,SLE,694,"Wasted, Overweight or Stunted",19/09/2017,33.7,Total,Units,%,Reanalysed,Free,Middle of fieldwork,Under 5 years old
Sierra Leone,SL,SLE,694,"Wasted, Overweight or Stunted",2019,35.7,Total,Units,%,Reanalysed,Free,Middle of fieldwork,Under 5 years old
Sierra Leone,SL,SLE,694,"Wasted, Overweight or Stunted",2021,32.3,Total,Units,%,Reanalysed,Free,Middle of fieldwork,Under 5 years old
Solomon Islands,SB,SLB,90,"Wasted, Overweight or Stunted",2015,40.2,Total,Units,%,Reanalysed,Free,Middle of fieldwork,Under 5 years old
Somalia,SO,SOM,706,"Wasted, Overweight or Stunted",2006,53.1,Total,Units,%,Reanalysed,Free,Middle of fieldwork,Under 5 years old
Somalia,SO,SOM,706,"Wasted, Overweight or Stunted",2009,37.4,Total,Units,%,Reanalysed,Free,Middle of fieldwork,Under 5 years old
South Africa,ZA,ZAF,710,"Wasted, Overweight or Stunted",2008,39.8,Total,Units,%,Reanalysed,Free,Middle of fieldwork,Under 5 years old
South Africa,ZA,ZAF,710,"Wasted, Overweight or Stunted",2015,34.4,Total,Units,%,Reanalysed,Free,Middle of fieldwork,Under 5 years old
South Africa,ZA,ZAF,710,"Wasted, Overweight or Stunted",2016,38.6,Total,Units,%,Reanalysed,Free,Middle of fieldwork,Under 5 years old
South Africa,ZA,ZAF,710,"Wasted, Overweight or Stunted",2017,32.8,Total,Units,%,Reanalysed,Free,Middle of fieldwork,Under 5 years old
South Sudan,SS,SSD,728,"Wasted, Overweight or Stunted",2010,50.6,Total,Units,%,Reanalysed,Free,Middle of fieldwork,Under 5 years old
Sri Lanka,LK,LKA,144,"Wasted, Overweight or Stunted",1987,39.7,Total,Units,%,Reanalysed,Free,Middle of fieldwork,Under 5 years old
Sri Lanka,LK,LKA,144,"Wasted, Overweight or Stunted",1993,38.9,Total,Units,%,Reanalysed,Free,Middle of fieldwork,Under 5 years old
Sri Lanka,LK,LKA,144,"Wasted, Overweight or Stunted",2000,30.9,Total,Units,%,Reanalysed,Free,Middle of fieldwork,Under 5 years old
Sri Lanka,LK,LKA,144,"Wasted, Overweight or Stunted",2007,31,Total,Units,%,Reanalysed,Free,Middle of fieldwork,Under 5 years old
Sri Lanka,LK,LKA,144,"Wasted, Overweight or Stunted",2012,31,Total,Units,%,Reanalysed,Free,Middle of fieldwork,Under 5 years old
Sri Lanka,LK,LKA,144,"Wasted, Overweight or Stunted",2016,30.7,Total,Units,%,Reanalysed,Free,Middle of fieldwork,Under 5 years old
"Palestinian Territory, Occupied",PS,PSE,275,"Wasted, Overweight or Stunted",1996,14.3,Total,Units,%,Reanalysed,Free,Middle of fieldwork,Under 5 years old
"Palestinian Territory, Occupied",PS,PSE,275,"Wasted, Overweight or Stunted",2000,19.1,Total,Units,%,Reanalysed,Free,Middle of fieldwork,Under 5 years old
"Palestinian Territory, Occupied",PS,PSE,275,"Wasted, Overweight or Stunted",2002,17.3,Total,Units,%,Reanalysed,Free,Middle of fieldwork,Under 5 years old
"Palestinian Territory, Occupied",PS,PSE,275,"Wasted, Overweight or Stunted",2004,20.1,Total,Units,%,Reanalysed,Free,Middle of fieldwork,Under 5 years old
"Palestinian Territory, Occupied",PS,PSE,275,"Wasted, Overweight or Stunted",2006,23.8,Total,Units,%,Reanalysed,Free,Middle of fieldwork,Under 5 years old
"Palestinian Territory, Occupied",PS,PSE,275,"Wasted, Overweight or Stunted",2010,17.8,Total,Units,%,Reanalysed,Free,Middle of fieldwork,Under 5 years old
"Palestinian Territory, Occupied",PS,PSE,275,"Wasted, Overweight or Stunted",2014,15.4,Total,Units,%,Reanalysed,Free,Middle of fieldwork,Under 5 years old
"Palestinian Territory, Occupied",PS,PSE,275,"Wasted, Overweight or Stunted",2020,17.2,Total,Units,%,Reanalysed,Free,Middle of fieldwork,Under 5 years old
Sudan,SD,SDN,736,"Wasted, Overweight or Stunted",2010,44.6,Total,Units,%,Reanalysed,Free,Middle of fieldwork,Under 5 years old
Sudan,SD,SDN,736,"Wasted, Overweight or Stunted",2014,49.2,Total,Units,%,Reanalysed,Free,Middle of fieldwork,Under 5 years old
Suriname,SR,SUR,740,"Wasted, Overweight or Stunted",2000,22.5,Total,Units,%,Reanalysed,Free,Middle of fieldwork,Under 5 years old
Suriname,SR,SUR,740,"Wasted, Overweight or Stunted",2006,18.1,Total,Units,%,Reanalysed,Free,Middle of fieldwork,Under 5 years old
Suriname,SR,SUR,740,"Wasted, Overweight or Stunted",2010,16.6,Total,Units,%,Reanalysed,Free,Middle of fieldwork,Under 5 years old
Suriname,SR,SUR,740,"Wasted, Overweight or Stunted",2018,16.6,Total,Units,%,Reanalysed,Free,Middle of fieldwork,Under 5 years old
Syrian Arab Republic,SY,SYR,760,"Wasted, Overweight or Stunted",1993,46.3,Total,Units,%,Reanalysed,Free,Middle of fieldwork,Under 5 years old
Syrian Arab Republic,SY,SYR,760,"Wasted, Overweight or Stunted",2001,49.5,Total,Units,%,Reanalysed,Free,Middle of fieldwork,Under 5 years old
Syrian Arab Republic,SY,SYR,760,"Wasted, Overweight or Stunted",2006,46.1,Total,Units,%,Reanalysed,Free,Middle of fieldwork,Under 5 years old
Syrian Arab Republic,SY,SYR,760,"Wasted, Overweight or Stunted",2010,45.1,Total,Units,%,Reanalysed,Free,Middle of fieldwork,Under 5 years old
Tajikistan,TJ,TJK,762,"Wasted, Overweight or Stunted",2005,42.4,Total,Units,%,Reanalysed,Free,Middle of fieldwork,Under 5 years old
Tajikistan,TJ,TJK,762,"Wasted, Overweight or Stunted",2007,49.9,Total,Units,%,Reanalysed,Free,Middle of fieldwork,Under 5 years old
Tajikistan,TJ,TJK,762,"Wasted, Overweight or Stunted",2009,34.7,Total,Units,%,Reanalysed,Free,Middle of fieldwork,Under 5 years old
Tajikistan,TJ,TJK,762,"Wasted, Overweight or Stunted",2012,38.2,Total,Units,%,Reanalysed,Free,Middle of fieldwork,Under 5 years old
Tajikistan,TJ,TJK,762,"Wasted, Overweight or Stunted",2016,24.7,Total,Units,%,Reanalysed,Free,Middle of fieldwork,Under 5 years old
Tajikistan,TJ,TJK,762,"Wasted, Overweight or Stunted",2017,24.3,Total,Units,%,Reanalysed,Free,Middle of fieldwork,Under 5 years old
Thailand,TH,THA,764,"Wasted, Overweight or Stunted",1987,29.8,Total,Units,%,Reanalysed,Free,Middle of fieldwork,Under 5 years old
Thailand,TH,THA,764,"Wasted, Overweight or Stunted",2006,26.2,Total,Units,%,Reanalysed,Free,Middle of fieldwork,Under 5 years old
Thailand,TH,THA,764,"Wasted, Overweight or Stunted",2012,30.3,Total,Units,%,Reanalysed,Free,Middle of fieldwork,Under 5 years old
Thailand,TH,THA,764,"Wasted, Overweight or Stunted",2016,22.3,Total,Units,%,Reanalysed,Free,Middle of fieldwork,Under 5 years old
Thailand,TH,THA,764,"Wasted, Overweight or Stunted",2019,27,Total,Units,%,Reanalysed,Free,Middle of fieldwork,Under 5 years old
Timor-Leste,TL,TLS,626,"Wasted, Overweight or Stunted",2007,69.9,Total,Units,%,Reanalysed,Free,Middle of fieldwork,Under 5 years old
Timor-Leste,TL,TLS,626,"Wasted, Overweight or Stunted",2009,71.4,Total,Units,%,Reanalysed,Free,Middle of fieldwork,Under 5 years old
Timor-Leste,TL,TLS,626,"Wasted, Overweight or Stunted",2013,57.3,Total,Units,%,Reanalysed,Free,Middle of fieldwork,Under 5 years old
Timor-Leste,TL,TLS,626,"Wasted, Overweight or Stunted",2020,51.8,Total,Units,%,Reanalysed,Free,Middle of fieldwork,Under 5 years old
Togo,TG,TGO,768,"Wasted, Overweight or Stunted",1988,39.9,Total,Units,%,Reanalysed,Free,Middle of fieldwork,Under 5 years old
Togo,TG,TGO,768,"Wasted, Overweight or Stunted",1998,40.2,Total,Units,%,Reanalysed,Free,Middle of fieldwork,Under 5 years old
Togo,TG,TGO,768,"Wasted, Overweight or Stunted",2009,31.4,Total,Units,%,Reanalysed,Free,Middle of fieldwork,Under 5 years old
Togo,TG,TGO,768,"Wasted, Overweight or Stunted",04/10/2010,33.6,Total,Units,%,Reanalysed,Free,Middle of fieldwork,Under 5 years old
Togo,TG,TGO,768,"Wasted, Overweight or Stunted",21/12/2010,30,Total,Units,%,Reanalysed,Free,Middle of fieldwork,Under 5 years old
Togo,TG,TGO,768,"Wasted, Overweight or Stunted",2012,31,Total,Units,%,Reanalysed,Free,Middle of fieldwork,Under 5 years old
Togo,TG,TGO,768,"Wasted, Overweight or Stunted",2014,33.1,Total,Units,%,Reanalysed,Free,Middle of fieldwork,Under 5 years old
Togo,TG,TGO,768,"Wasted, Overweight or Stunted",2017,28.7,Total,Units,%,Reanalysed,Free,Middle of fieldwork,Under 5 years old
Tonga,TO,TON,776,"Wasted, Overweight or Stunted",2019,13.8,Total,Units,%,Reanalysed,Free,Middle of fieldwork,Under 5 years old
Trinidad and Tobago,TT,TTO,780,"Wasted, Overweight or Stunted",1987,12.1,Total,Units,%,Reanalysed,Free,Middle of fieldwork,Under 5 years old
Trinidad and Tobago,TT,TTO,780,"Wasted, Overweight or Stunted",2000,14.7,Total,Units,%,Reanalysed,Free,Middle of fieldwork,Under 5 years old
Trinidad and Tobago,TT,TTO,780,"Wasted, Overweight or Stunted",2011,22.9,Total,Units,%,Reanalysed,Free,Middle of fieldwork,Under 5 years old
Tunisia,TN,TUN,788,"Wasted, Overweight or Stunted",1988,26.7,Total,Units,%,Reanalysed,Free,Middle of fieldwork,Under 5 years old
Tunisia,TN,TUN,788,"Wasted, Overweight or Stunted",2012,23.9,Total,Units,%,Reanalysed,Free,Middle of fieldwork,Under 5 years old
Tunisia,TN,TUN,788,"Wasted, Overweight or Stunted",2018,24.3,Total,Units,%,Reanalysed,Free,Middle of fieldwork,Under 5 years old
Turkmenistan,TM,TKM,795,"Wasted, Overweight or Stunted",2000,37.9,Total,Units,%,Reanalysed,Free,Middle of fieldwork,Under 5 years old
Turkmenistan,TM,TKM,795,"Wasted, Overweight or Stunted",2006,27.5,Total,Units,%,Reanalysed,Free,Middle of fieldwork,Under 5 years old
Turkmenistan,TM,TKM,795,"Wasted, Overweight or Stunted",2015,19.3,Total,Units,%,Reanalysed,Free,Middle of fieldwork,Under 5 years old
Turkmenistan,TM,TKM,795,"Wasted, Overweight or Stunted",2019,13.5,Total,Units,%,Reanalysed,Free,Middle of fieldwork,Under 5 years old
Turks and Caicos Islands,TC,TCA,796,"Wasted, Overweight or Stunted",2020,20.2,Total,Units,%,Reanalysed,Free,Middle of fieldwork,Under 5 years old
Tuvalu,TV,TUV,798,"Wasted, Overweight or Stunted",2019,11.4,Total,Units,%,Reanalysed,Free,Middle of fieldwork,Under 5 years old
Turkey,TR,TUR,792,"Wasted, Overweight or Stunted",1993,29.9,Total,Units,%,Reanalysed,Free,Middle of fieldwork,Under 5 years old
Turkey,TR,TUR,792,"Wasted, Overweight or Stunted",1998,24.4,Total,Units,%,Reanalysed,Free,Middle of fieldwork,Under 5 years old
Turkey,TR,TUR,792,"Wasted, Overweight or Stunted",2004,23.6,Total,Units,%,Reanalysed,Free,Middle of fieldwork,Under 5 years old
Turkey,TR,TUR,792,"Wasted, Overweight or Stunted",2008,22.1,Total,Units,%,Reanalysed,Free,Middle of fieldwork,Under 5 years old
Turkey,TR,TUR,792,"Wasted, Overweight or Stunted",2013,21.2,Total,Units,%,Reanalysed,Free,Middle of fieldwork,Under 5 years old
Turkey,TR,TUR,792,"Wasted, Overweight or Stunted",2018,15.1,Total,Units,%,Reanalysed,Free,Middle of fieldwork,Under 5 years old
Uganda,UG,UGA,800,"Wasted, Overweight or Stunted",1988,50.9,Total,Units,%,Reanalysed,Free,Middle of fieldwork,Under 5 years old
Uganda,UG,UGA,800,"Wasted, Overweight or Stunted",1995,51.4,Total,Units,%,Reanalysed,Free,Middle of fieldwork,Under 5 years old
Uganda,UG,UGA,800,"Wasted, Overweight or Stunted",2000,49.7,Total,Units,%,Reanalysed,Free,Middle of fieldwork,Under 5 years old
Uganda,UG,UGA,800,"Wasted, Overweight or Stunted",2006,45.2,Total,Units,%,Reanalysed,Free,Middle of fieldwork,Under 5 years old
Uganda,UG,UGA,800,"Wasted, Overweight or Stunted",2009,42.4,Total,Units,%,Reanalysed,Free,Middle of fieldwork,Under 5 years old
Uganda,UG,UGA,800,"Wasted, Overweight or Stunted",02/05/2011,46.6,Total,Units,%,Reanalysed,Free,Middle of fieldwork,Under 5 years old
Uganda,UG,UGA,800,"Wasted, Overweight or Stunted",16/09/2011,39,Total,Units,%,Reanalysed,Free,Middle of fieldwork,Under 5 years old
Uganda,UG,UGA,800,"Wasted, Overweight or Stunted",2012,39.7,Total,Units,%,Reanalysed,Free,Middle of fieldwork,Under 5 years old
Uganda,UG,UGA,800,"Wasted, Overweight or Stunted",2014,39,Total,Units,%,Reanalysed,Free,Middle of fieldwork,Under 5 years old
Uganda,UG,UGA,800,"Wasted, Overweight or Stunted",2016,34,Total,Units,%,Reanalysed,Free,Middle of fieldwork,Under 5 years old
Uganda,UG,UGA,800,"Wasted, Overweight or Stunted",2018,28.5,Total,Units,%,Reanalysed,Free,Middle of fieldwork,Under 5 years old
Uganda,UG,UGA,800,"Wasted, Overweight or Stunted",2020,30.7,Total,Units,%,Reanalysed,Free,Middle of fieldwork,Under 5 years old
Ukraine,UA,UKR,804,"Wasted, Overweight or Stunted",2000,45,Total,Units,%,Reanalysed,Free,Middle of fieldwork,Under 5 years old
"Tanzania, United Republic of",TZ,TZA,834,"Wasted, Overweight or Stunted",1991,57.3,Total,Units,%,Reanalysed,Free,Middle of fieldwork,Under 5 years old
"Tanzania, United Republic of",TZ,TZA,834,"Wasted, Overweight or Stunted",1996,56.3,Total,Units,%,Reanalysed,Free,Middle of fieldwork,Under 5 years old
"Tanzania, United Republic of",TZ,TZA,834,"Wasted, Overweight or Stunted",1999,53.1,Total,Units,%,Reanalysed,Free,Middle of fieldwork,Under 5 years old
"Tanzania, United Republic of",TZ,TZA,834,"Wasted, Overweight or Stunted",2004,48.5,Total,Units,%,Reanalysed,Free,Middle of fieldwork,Under 5 years old
"Tanzania, United Republic of",TZ,TZA,834,"Wasted, Overweight or Stunted",2009,46.8,Total,Units,%,Reanalysed,Free,Middle of fieldwork,Under 5 years old
"Tanzania, United Republic of",TZ,TZA,834,"Wasted, Overweight or Stunted",2010,47.7,Total,Units,%,Reanalysed,Free,Middle of fieldwork,Under 5 years old
"Tanzania, United Republic of",TZ,TZA,834,"Wasted, Overweight or Stunted",2011,42.1,Total,Units,%,Reanalysed,Free,Middle of fieldwork,Under 5 years old
"Tanzania, United Republic of",TZ,TZA,834,"Wasted, Overweight or Stunted",2013,43.1,Total,Units,%,Reanalysed,Free,Middle of fieldwork,Under 5 years old
"Tanzania, United Republic of",TZ,TZA,834,"Wasted, Overweight or Stunted",2015,39.6,Total,Units,%,Reanalysed,Free,Middle of fieldwork,Under 5 years old
Uruguay,UY,URY,858,"Wasted, Overweight or Stunted",2013,15.4,Total,Units,%,Reanalysed,Free,Middle of fieldwork,Under 5 years old
Uruguay,UY,URY,858,"Wasted, Overweight or Stunted",2016,21,Total,Units,%,Reanalysed,Free,Middle of fieldwork,Under 5 years old
Uruguay,UY,URY,858,"Wasted, Overweight or Stunted",2018,18.9,Total,Units,%,Reanalysed,Free,Middle of fieldwork,Under 5 years old
Uzbekistan,UZ,UZB,860,"Wasted, Overweight or Stunted",1996,57.7,Total,Units,%,Reanalysed,Free,Middle of fieldwork,Under 5 years old
Uzbekistan,UZ,UZB,860,"Wasted, Overweight or Stunted",2002,37.8,Total,Units,%,Reanalysed,Free,Middle of fieldwork,Under 5 years old
Uzbekistan,UZ,UZB,860,"Wasted, Overweight or Stunted",2006,31.4,Total,Units,%,Reanalysed,Free,Middle of fieldwork,Under 5 years old
Uzbekistan,UZ,UZB,860,"Wasted, Overweight or Stunted",2017,15.9,Total,Units,%,Reanalysed,Free,Middle of fieldwork,Under 5 years old
Vanuatu,VU,VUT,548,"Wasted, Overweight or Stunted",2008,33,Total,Units,%,Reanalysed,Free,Middle of fieldwork,Under 5 years old
Vanuatu,VU,VUT,548,"Wasted, Overweight or Stunted",2013,35.6,Total,Units,%,Reanalysed,Free,Middle of fieldwork,Under 5 years old
Vietnam,VN,VNM,704,"Wasted, Overweight or Stunted",1993,65.4,Total,Units,%,Reanalysed,Free,Middle of fieldwork,Under 5 years old
Vietnam,VN,VNM,704,"Wasted, Overweight or Stunted",2000,48.2,Total,Units,%,Reanalysed,Free,Middle of fieldwork,Under 5 years old
Vietnam,VN,VNM,704,"Wasted, Overweight or Stunted",2010,29.6,Total,Units,%,Reanalysed,Free,Middle of fieldwork,Under 5 years old
Yemen,YE,YEM,887,"Wasted, Overweight or Stunted",1991,62.6,Total,Units,%,Reanalysed,Free,Middle of fieldwork,Under 5 years old
Yemen,YE,YEM,887,"Wasted, Overweight or Stunted",1997,66.3,Total,Units,%,Reanalysed,Free,Middle of fieldwork,Under 5 years old
Yemen,YE,YEM,887,"Wasted, Overweight or Stunted",2003,66.8,Total,Units,%,Reanalysed,Free,Middle of fieldwork,Under 5 years old
Yemen,YE,YEM,887,"Wasted, Overweight or Stunted",2005,66.3,Total,Units,%,Reanalysed,Free,Middle of fieldwork,Under 5 years old
Yemen,YE,YEM,887,"Wasted, Overweight or Stunted",2013,57.2,Total,Units,%,Reanalysed,Free,Middle of fieldwork,Under 5 years old
Zambia,ZM,ZMB,894,"Wasted, Overweight or Stunted",1992,52.1,Total,Units,%,Reanalysed,Free,Middle of fieldwork,Under 5 years old
Zambia,ZM,ZMB,894,"Wasted, Overweight or Stunted",1996,54.1,Total,Units,%,Reanalysed,Free,Middle of fieldwork,Under 5 years old
Zambia,ZM,ZMB,894,"Wasted, Overweight or Stunted",1999,64.9,Total,Units,%,Reanalysed,Free,Middle of fieldwork,Under 5 years old
Zambia,ZM,ZMB,894,"Wasted, Overweight or Stunted",2002,58.7,Total,Units,%,Reanalysed,Free,Middle of fieldwork,Under 5 years old
Zambia,ZM,ZMB,894,"Wasted, Overweight or Stunted",2007,53.4,Total,Units,%,Reanalysed,Free,Middle of fieldwork,Under 5 years old
Zambia,ZM,ZMB,894,"Wasted, Overweight or Stunted",2013,47.8,Total,Units,%,Reanalysed,Free,Middle of fieldwork,Under 5 years old
Zambia,ZM,ZMB,894,"Wasted, Overweight or Stunted",2018,40.6,Total,Units,%,Reanalysed,Free,Middle of fieldwork,Under 5 years old
Zimbabwe,ZW,ZWE,716,"Wasted, Overweight or Stunted",1988,36,Total,Units,%,Reanalysed,Free,Middle of fieldwork,Under 5 years old
Zimbabwe,ZW,ZWE,716,"Wasted, Overweight or Stunted",1994,38.6,Total,Units,%,Reanalysed,Free,Middle of fieldwork,Under 5 years old
Zimbabwe,ZW,ZWE,716,"Wasted, Overweight or Stunted",1999,46,Total,Units,%,Reanalysed,Free,Middle of fieldwork,Under 5 years old
Zimbabwe,ZW,ZWE,716,"Wasted, Overweight or Stunted",2005,45,Total,Units,%,Reanalysed,Free,Middle of fieldwork,Under 5 years old
Zimbabwe,ZW,ZWE,716,"Wasted, Overweight or Stunted",2009,38.8,Total,Units,%,Reanalysed,Free,Middle of fieldwork,Under 5 years old
Zimbabwe,ZW,ZWE,716,"Wasted, Overweight or Stunted",2010,38.1,Total,Units,%,Reanalysed,Free,Middle of fieldwork,Under 5 years old
Zimbabwe,ZW,ZWE,716,"Wasted, Overweight or Stunted",2014,31.9,Total,Units,%,Reanalysed,Free,Middle of fieldwork,Under 5 years old
Zimbabwe,ZW,ZWE,716,"Wasted, Overweight or Stunted",2015,33.3,Total,Units,%,Reanalysed,Free,Middle of fieldwork,Under 5 years old
Zimbabwe,ZW,ZWE,716,"Wasted, Overweight or Stunted",2019,27.3,Total,Units,%,Reanalysed,Free,Middle of fieldwork,Under 5 years old
